{"stats":{"minecraft:used":{"minecraft:cooked_mutton":8,"minecraft:diorite":1,"minecraft:stone_sword":52,"minecraft:stone_pickaxe":85,"minecraft:iron_pickaxe":63,"minecraft:oak_planks":1,"minecraft:wooden_pickaxe":13,"minecraft:stone_axe":15,"minecraft:torch":4,"minecraft:dirt":4,"minecraft:cobblestone":8,"minecraft:crafting_table":5,"minecraft:furnace":3,"minecraft:cooked_beef":1,"minecraft:white_bed":3},"minecraft:mined":{"minecraft:white_bed":3,"minecraft:furnace":2,"minecraft:iron_ore":14,"minecraft:andesite":6,"minecraft:crafting_table":5,"minecraft:grass_block":2,"minecraft:grass":5,"minecraft:coal_ore":60,"minecraft:oak_log":6,"minecraft:dirt":18,"minecraft:cobblestone":1,"minecraft:lapis_ore":1,"minecraft:diorite":3,"minecraft:stone":59,"minecraft:sugar_cane":3,"minecraft:oak_leaves":1,"minecraft:wall_torch":4},"minecraft:crafted":{"minecraft:cooked_beef":6,"minecraft:oak_planks":24,"minecraft:crafting_table":1,"minecraft:stick":12,"minecraft:iron_pickaxe":1,"minecraft:iron_ingot":7,"minecraft:wooden_pickaxe":1,"minecraft:stone_pickaxe":1,"minecraft:stone_sword":1,"minecraft:furnace":1,"minecraft:white_bed":1,"minecraft:stone_axe":1,"minecraft:air":0,"minecraft:cooked_mutton":8},"minecraft:killed":{"minecraft:skeleton":4,"minecraft:sheep":5,"minecraft:pig":4,"minecraft:chicken":2,"minecraft:spider":1,"minecraft:cow":2},"minecraft:picked_up":{"minecraft:raw_iron":14,"minecraft:crafting_table":5,"minecraft:feather":3,"minecraft:chicken":2,"minecraft:andesite":6,"minecraft:leather":1,"minecraft:torch":4,"minecraft:porkchop":8,"minecraft:oak_log":6,"minecraft:diorite":3,"minecraft:white_bed":3,"minecraft:lapis_lazuli":5,"minecraft:dirt":20,"minecraft:string":2,"minecraft:arrow":1,"minecraft:bone":2,"minecraft:beef":6,"minecraft:sugar_cane":7,"minecraft:coal":60,"minecraft:mutton":8,"minecraft:white_wool":5,"minecraft:cobblestone":59,"minecraft:furnace":2},"minecraft:custom":{"minecraft:time_since_rest":4746,"minecraft:interact_with_furnace":16,"minecraft:sprint_one_cm":109597,"minecraft:damage_taken":455,"minecraft:walk_one_cm":83596,"minecraft:mob_kills":18,"minecraft:damage_dealt":1908,"minecraft:interact_with_crafting_table":10,"minecraft:swim_one_cm":12629,"minecraft:fly_one_cm":105860,"minecraft:crouch_one_cm":5123,"minecraft:play_time":31196,"minecraft:sneak_time":1659,"minecraft:walk_under_water_one_cm":4126,"minecraft:jump":645,"minecraft:walk_on_water_one_cm":4442,"minecraft:time_since_death":31196,"minecraft:sleep_in_bed":2,"minecraft:climb_one_cm":181,"minecraft:total_world_time":31196,"minecraft:fall_one_cm":16714}},"DataVersion":3465}