{"stats":{"minecraft:used":{"minecraft:cooked_mutton":2,"minecraft:stone_sword":19,"minecraft:stone_pickaxe":20,"minecraft:oak_planks":1,"minecraft:wooden_pickaxe":13,"minecraft:stone_axe":2,"minecraft:torch":2,"minecraft:crafting_table":3,"minecraft:furnace":1,"minecraft:white_bed":1},"minecraft:crafted":{"minecraft:oak_planks":24,"minecraft:crafting_table":1,"minecraft:stick":8,"minecraft:wooden_pickaxe":1,"minecraft:stone_pickaxe":1,"minecraft:stone_sword":1,"minecraft:furnace":1,"minecraft:white_bed":1,"minecraft:stone_axe":1,"minecraft:air":0,"minecraft:cooked_mutton":8},"minecraft:mined":{"minecraft:white_bed":1,"minecraft:furnace":1,"minecraft:crafting_table":3,"minecraft:grass":3,"minecraft:oak_log":6,"minecraft:stone":27,"minecraft:oak_leaves":1,"minecraft:wall_torch":4},"minecraft:killed":{"minecraft:sheep":5,"minecraft:spider":1,"minecraft:cow":1},"minecraft:picked_up":{"minecraft:crafting_table":3,"minecraft:leather":1,"minecraft:torch":4,"minecraft:oak_log":6,"minecraft:white_bed":1,"minecraft:string":2,"minecraft:beef":3,"minecraft:mutton":8,"minecraft:white_wool":5,"minecraft:cobblestone":27,"minecraft:furnace":1},"minecraft:custom":{"minecraft:time_since_rest":3380,"minecraft:interact_with_furnace":4,"minecraft:sprint_one_cm":40441,"minecraft:damage_taken":120,"minecraft:walk_one_cm":30971,"minecraft:mob_kills":7,"minecraft:damage_dealt":660,"minecraft:interact_with_crafting_table":8,"minecraft:swim_one_cm":9858,"minecraft:fly_one_cm":58343,"minecraft:crouch_one_cm":1705,"minecraft:play_time":13196,"minecraft:sneak_time":359,"minecraft:walk_under_water_one_cm":2701,"minecraft:jump":275,"minecraft:walk_on_water_one_cm":2446,"minecraft:time_since_death":13196,"minecraft:sleep_in_bed":1,"minecraft:climb_one_cm":181,"minecraft:total_world_time":13196,"minecraft:fall_one_cm":10050}},"DataVersion":3465}