{"stats":{"minecraft:used":{"minecraft:cooked_mutton":8,"minecraft:water_bucket":15,"minecraft:diorite":1,"minecraft:stone_sword":56,"minecraft:stone_pickaxe":85,"minecraft:oak_planks":1,"minecraft:wooden_pickaxe":13,"minecraft:torch":4,"minecraft:dirt":4,"minecraft:crafting_table":7,"minecraft:white_bed":4,"minecraft:iron_pickaxe":95,"minecraft:stone_axe":25,"minecraft:cobblestone":31,"minecraft:furnace":3,"minecraft:bucket":16,"minecraft:oak_boat":3,"minecraft:cooked_beef":4},"minecraft:mined":{"minecraft:sandstone_slab":1,"minecraft:white_bed":4,"minecraft:orange_terracotta":1,"minecraft:crafting_table":7,"minecraft:red_sand":3,"minecraft:acacia_log":1,"minecraft:grass_block":3,"minecraft:cobblestone":1,"minecraft:lapis_ore":1,"minecraft:sugar_cane":3,"minecraft:diorite":3,"minecraft:sandstone":1,"minecraft:wall_torch":4,"minecraft:furnace":3,"minecraft:iron_ore":19,"minecraft:andesite":6,"minecraft:gold_block":1,"minecraft:grass":5,"minecraft:oak_log":12,"minecraft:coal_ore":60,"minecraft:sand":1,"minecraft:dirt":19,"minecraft:stone":77,"minecraft:oak_leaves":2},"minecraft:crafted":{"minecraft:cooked_beef":6,"minecraft:oak_planks":48,"minecraft:crafting_table":1,"minecraft:wooden_pickaxe":1,"minecraft:furnace":1,"minecraft:bucket":1,"minecraft:stone_axe":1,"minecraft:cooked_mutton":8,"minecraft:air":0,"minecraft:oak_boat":1,"minecraft:stick":12,"minecraft:iron_ingot":14,"minecraft:iron_pickaxe":1,"minecraft:stone_pickaxe":1,"minecraft:stone_sword":1,"minecraft:white_bed":1},"minecraft:killed":{"minecraft:pig":4,"minecraft:spider":1,"minecraft:sheep":5,"minecraft:skeleton":5,"minecraft:chicken":2,"minecraft:cow":2},"minecraft:dropped":{"minecraft:sandstone_slab":1,"minecraft:leather":1,"minecraft:andesite":6,"minecraft:sandstone":1,"minecraft:red_sand":1,"minecraft:bone":2},"minecraft:picked_up":{"minecraft:crafting_table":7,"minecraft:sandstone_slab":1,"minecraft:feather":3,"minecraft:chicken":2,"minecraft:andesite":6,"minecraft:leather":1,"minecraft:gold_block":1,"minecraft:oak_log":12,"minecraft:lapis_lazuli":5,"minecraft:string":2,"minecraft:dirt":22,"minecraft:orange_terracotta":1,"minecraft:bone":2,"minecraft:red_sand":2,"minecraft:beef":6,"minecraft:oak_boat":3,"minecraft:sugar_cane":7,"minecraft:furnace":3,"minecraft:raw_iron":19,"minecraft:sandstone":1,"minecraft:torch":4,"minecraft:porkchop":8,"minecraft:diorite":3,"minecraft:white_bed":4,"minecraft:arrow":3,"minecraft:mutton":8,"minecraft:coal":60,"minecraft:white_wool":5,"minecraft:cobblestone":77},"minecraft:custom":{"minecraft:interact_with_furnace":23,"minecraft:mob_kills":19,"minecraft:interact_with_crafting_table":12,"minecraft:time_since_death":55196,"minecraft:sleep_in_bed":3,"minecraft:climb_one_cm":181,"minecraft:time_since_rest":15007,"minecraft:sprint_one_cm":197422,"minecraft:damage_taken":675,"minecraft:walk_one_cm":118014,"minecraft:drop":6,"minecraft:damage_dealt":2098,"minecraft:swim_one_cm":12629,"minecraft:fly_one_cm":231530,"minecraft:open_chest":9,"minecraft:crouch_one_cm":5824,"minecraft:play_time":55196,"minecraft:sneak_time":1938,"minecraft:walk_under_water_one_cm":11615,"minecraft:boat_one_cm":200797,"minecraft:jump":1188,"minecraft:walk_on_water_one_cm":11684,"minecraft:total_world_time":55196,"minecraft:fall_one_cm":33739}},"DataVersion":3465}