{"stats":{"minecraft:used":{"minecraft:stone_sword":128,"minecraft:chest":5,"minecraft:shield":1,"minecraft:iron_sword":85,"minecraft:cooked_chicken":1,"minecraft:iron_chestplate":2,"minecraft:torch":29,"minecraft:dirt":25,"minecraft:lava_bucket":1,"minecraft:golden_carrot":4,"minecraft:furnace":7,"minecraft:cooked_beef":6,"minecraft:cobbled_deepslate":38,"minecraft:cooked_mutton":30,"minecraft:water_bucket":80,"minecraft:diorite":1,"minecraft:stone_pickaxe":85,"minecraft:oak_planks":14,"minecraft:wooden_pickaxe":13,"minecraft:golden_apple":1,"minecraft:crafting_table":11,"minecraft:white_bed":9,"minecraft:diamond_pickaxe":178,"minecraft:melon_slice":8,"minecraft:iron_pickaxe":180,"minecraft:map":1,"minecraft:gravel":1,"minecraft:stone_axe":34,"minecraft:cobblestone":198,"minecraft:cooked_porkchop":13,"minecraft:andesite":9,"minecraft:bucket":82,"minecraft:oak_boat":6},"minecraft:dropped":{"minecraft:iron_ingot":4,"minecraft:bread":12,"minecraft:wheat_seeds":103,"minecraft:cooked_beef":3,"minecraft:oak_log":66,"minecraft:crafting_table":4,"minecraft:sandstone_slab":1,"minecraft:iron_helmet":2,"minecraft:feather":3,"minecraft:cobblestone":71,"minecraft:prismarine_crystals":9,"minecraft:leather":9,"minecraft:granite":6,"minecraft:saddle":3,"minecraft:coal":46,"minecraft:flint":1,"minecraft:stick":12,"minecraft:emerald":14,"minecraft:dirt":16,"minecraft:map":5,"minecraft:sand":1,"minecraft:string":5,"minecraft:fishing_rod":3,"minecraft:white_wool":4,"minecraft:spruce_sapling":2,"minecraft:bone":2,"minecraft:gravel":3,"minecraft:furnace":3,"minecraft:stone_axe":3,"minecraft:sweet_berries":128,"minecraft:cooked_chicken":1,"minecraft:stone_sword":1,"minecraft:cobbled_deepslate":5,"minecraft:rotten_flesh":10,"minecraft:oak_planks":63,"minecraft:white_bed":3,"minecraft:shears":4,"minecraft:pumpkin_seeds":9,"minecraft:filled_map":7,"minecraft:potato":18,"minecraft:iron_chestplate":5,"minecraft:andesite":8,"minecraft:leather_boots":4,"minecraft:oak_sapling":3,"minecraft:carved_pumpkin":2,"minecraft:sandstone":1,"minecraft:wooden_pickaxe":4,"minecraft:red_sand":2,"minecraft:arrow":4,"minecraft:stone_pickaxe":2,"minecraft:nautilus_shell":3},"minecraft:custom":{"minecraft:mob_kills":60,"minecraft:interact_with_crafting_table":34,"minecraft:leave_game":4,"minecraft:time_since_death":87113,"minecraft:climb_one_cm":1818,"minecraft:sprint_one_cm":818169,"minecraft:walk_one_cm":579005,"minecraft:damage_blocked_by_shield":30,"minecraft:drop":686,"minecraft:talked_to_villager":1,"minecraft:play_time":239473,"minecraft:deaths":3,"minecraft:sneak_time":20739,"minecraft:walk_under_water_one_cm":43407,"minecraft:boat_one_cm":450203,"minecraft:jump":4814,"minecraft:walk_on_water_one_cm":43255,"minecraft:total_world_time":239473,"minecraft:interact_with_furnace":54,"minecraft:sleep_in_bed":17,"minecraft:time_since_rest":17152,"minecraft:damage_absorbed":40,"minecraft:damage_taken":4391,"minecraft:damage_dealt":7781,"minecraft:swim_one_cm":29176,"minecraft:fly_one_cm":818891,"minecraft:open_chest":49,"minecraft:crouch_one_cm":52072,"minecraft:fall_one_cm":145098},"minecraft:killed_by":{"minecraft:enderman":1,"minecraft:zombie":1},"minecraft:picked_up":{"minecraft:fishing_rod":3,"minecraft:iron_chestplate":6,"minecraft:crafting_table":14,"minecraft:sandstone_slab":1,"minecraft:chicken":2,"minecraft:wooden_pickaxe":4,"minecraft:gold_block":2,"minecraft:enchanted_book":2,"minecraft:golden_sword":1,"minecraft:amethyst_block":1,"minecraft:string":10,"minecraft:iron_leggings":1,"minecraft:red_sand":4,"minecraft:gold_nugget":22,"minecraft:cobbled_deepslate":45,"minecraft:bucket":1,"minecraft:beef":6,"minecraft:oak_boat":7,"minecraft:iron_pickaxe":1,"minecraft:light_gray_wool":1,"minecraft:chest":1,"minecraft:melon_slice":8,"minecraft:sugar_cane":14,"minecraft:furnace":11,"minecraft:iron_boots":1,"minecraft:stick":13,"minecraft:raw_iron":23,"minecraft:sandstone":1,"minecraft:torch":24,"minecraft:porkchop":13,"minecraft:diorite":9,"minecraft:prismarine_crystals":9,"minecraft:golden_chestplate":2,"minecraft:stone_sword":1,"minecraft:arrow":5,"minecraft:rotten_flesh":12,"minecraft:shears":4,"minecraft:carved_pumpkin":3,"minecraft:saddle":3,"minecraft:glow_berries":9,"minecraft:obsidian":18,"minecraft:mutton":30,"minecraft:white_wool":26,"minecraft:cobblestone":331,"minecraft:nautilus_shell":3,"minecraft:pink_petals":5,"minecraft:feather":10,"minecraft:cooked_beef":3,"minecraft:andesite":17,"minecraft:leather":9,"minecraft:potato":18,"minecraft:filled_map":6,"minecraft:oak_log":78,"minecraft:lapis_lazuli":29,"minecraft:map":6,"minecraft:dirt":59,"minecraft:white_banner":1,"minecraft:orange_terracotta":1,"minecraft:leather_boots":4,"minecraft:cooked_mutton":13,"minecraft:bone":2,"minecraft:wheat_seeds":103,"minecraft:raw_gold":24,"minecraft:iron_ingot":12,"minecraft:stone_pickaxe":3,"minecraft:cooked_chicken":2,"minecraft:iron_sword":1,"minecraft:oak_planks":64,"minecraft:sweet_berries":128,"minecraft:gravel":4,"minecraft:sand":1,"minecraft:amethyst_shard":4,"minecraft:spruce_sapling":2,"minecraft:white_bed":10,"minecraft:pumpkin_seeds":9,"minecraft:diamond":9,"minecraft:stone_axe":4,"minecraft:iron_helmet":2,"minecraft:granite":6,"minecraft:golden_apple":3,"minecraft:bread":12,"minecraft:emerald":14,"minecraft:oak_sapling":3,"minecraft:coal":230,"minecraft:diamond_pickaxe":1},"minecraft:crafted":{"minecraft:oak_planks":152,"minecraft:cooked_chicken":2,"minecraft:furnace":1,"minecraft:cooked_mutton":30,"minecraft:iron_boots":1,"minecraft:stone_pickaxe":1,"minecraft:chest":4,"minecraft:cooked_beef":6,"minecraft:cooked_porkchop":13,"minecraft:crafting_table":1,"minecraft:wooden_pickaxe":1,"minecraft:iron_helmet":1,"minecraft:iron_sword":1,"minecraft:bucket":1,"minecraft:stone_axe":1,"minecraft:air":0,"minecraft:oak_boat":1,"minecraft:diamond_pickaxe":1,"minecraft:shield":2,"minecraft:stick":16,"minecraft:iron_ingot":17,"minecraft:iron_pickaxe":1,"minecraft:stone_sword":1,"minecraft:iron_leggings":1,"minecraft:white_bed":2,"minecraft:shears":1},"minecraft:killed":{"minecraft:cave_spider":1,"minecraft:spider":5,"minecraft:skeleton":8,"minecraft:chicken":2,"minecraft:pig":6,"minecraft:sheep":19,"minecraft:zombie":15,"minecraft:cow":2},"minecraft:mined":{"minecraft:white_bed":6,"minecraft:deepslate_diamond_ore":9,"minecraft:granite":5,"minecraft:obsidian":10,"minecraft:dark_oak_fence":2,"minecraft:red_sand":3,"minecraft:acacia_log":1,"minecraft:grass_block":7,"minecraft:spruce_leaves":3,"minecraft:sandstone":1,"minecraft:spawner":2,"minecraft:furnace":6,"minecraft:iron_ore":19,"minecraft:andesite":14,"minecraft:deepslate_lapis_ore":4,"minecraft:gold_block":1,"minecraft:rail":1,"minecraft:stone":179,"minecraft:sandstone_slab":1,"minecraft:amethyst_cluster":1,"minecraft:orange_terracotta":6,"minecraft:crafting_table":9,"minecraft:melon":2,"minecraft:chest":2,"minecraft:cobblestone":16,"minecraft:lapis_ore":1,"minecraft:sugar_cane":3,"minecraft:oak_planks":1,"minecraft:diorite":9,"minecraft:wall_torch":6,"minecraft:amethyst_block":1,"minecraft:pink_petals":5,"minecraft:grass":12,"minecraft:oak_log":12,"minecraft:coal_ore":60,"minecraft:gravel":2,"minecraft:sand":2,"minecraft:dirt":33,"minecraft:cobweb":5,"minecraft:terracotta":18,"minecraft:gold_ore":12,"minecraft:oak_leaves":4,"minecraft:deepslate":54}},"DataVersion":3465}