{"stats":{"minecraft:mined":{"minecraft:oak_log":4},"minecraft:picked_up":{"minecraft:oak_log":4},"minecraft:custom":{"minecraft:jump":12,"minecraft:time_since_rest":1196,"minecraft:crouch_one_cm":56,"minecraft:sprint_one_cm":2441,"minecraft:play_time":1196,"minecraft:damage_taken":10,"minecraft:time_since_death":1196,"minecraft:walk_one_cm":1483,"minecraft:sneak_time":29,"minecraft:climb_one_cm":181,"minecraft:total_world_time":1196,"minecraft:fall_one_cm":1707,"minecraft:fly_one_cm":2745}},"DataVersion":3465}