{"stats":{"minecraft:used":{"minecraft:stone_sword":112,"minecraft:chest":2,"minecraft:torch":7,"minecraft:dirt":4,"minecraft:golden_carrot":1,"minecraft:furnace":4,"minecraft:cooked_beef":6,"minecraft:cooked_mutton":8,"minecraft:water_bucket":40,"minecraft:diorite":1,"minecraft:stone_pickaxe":85,"minecraft:oak_planks":1,"minecraft:wooden_pickaxe":13,"minecraft:crafting_table":8,"minecraft:white_bed":6,"minecraft:iron_pickaxe":163,"minecraft:map":1,"minecraft:gravel":1,"minecraft:stone_axe":32,"minecraft:cobblestone":52,"minecraft:cooked_porkchop":6,"minecraft:bucket":41,"minecraft:andesite":1,"minecraft:oak_boat":5},"minecraft:dropped":{"minecraft:iron_ingot":4,"minecraft:bread":12,"minecraft:wheat_seeds":103,"minecraft:cooked_beef":3,"minecraft:oak_log":66,"minecraft:crafting_table":3,"minecraft:sandstone_slab":1,"minecraft:iron_helmet":2,"minecraft:feather":3,"minecraft:cobblestone":70,"minecraft:prismarine_crystals":9,"minecraft:leather":9,"minecraft:saddle":3,"minecraft:coal":46,"minecraft:stick":8,"minecraft:emerald":14,"minecraft:dirt":10,"minecraft:map":5,"minecraft:sand":1,"minecraft:string":1,"minecraft:fishing_rod":3,"minecraft:white_wool":4,"minecraft:spruce_sapling":2,"minecraft:bone":2,"minecraft:gravel":3,"minecraft:furnace":3,"minecraft:stone_axe":3,"minecraft:sweet_berries":128,"minecraft:oak_planks":63,"minecraft:white_bed":3,"minecraft:shears":4,"minecraft:pumpkin_seeds":9,"minecraft:filled_map":7,"minecraft:potato":18,"minecraft:iron_chestplate":5,"minecraft:andesite":8,"minecraft:leather_boots":4,"minecraft:oak_sapling":3,"minecraft:carved_pumpkin":2,"minecraft:sandstone":1,"minecraft:red_sand":1,"minecraft:wooden_pickaxe":3,"minecraft:stone_pickaxe":2,"minecraft:nautilus_shell":3},"minecraft:custom":{"minecraft:mob_kills":30,"minecraft:interact_with_crafting_table":19,"minecraft:leave_game":2,"minecraft:time_since_death":29267,"minecraft:climb_one_cm":181,"minecraft:sprint_one_cm":397290,"minecraft:walk_one_cm":261858,"minecraft:drop":651,"minecraft:talked_to_villager":1,"minecraft:play_time":110827,"minecraft:deaths":1,"minecraft:sneak_time":3193,"minecraft:walk_under_water_one_cm":23908,"minecraft:boat_one_cm":286931,"minecraft:jump":1936,"minecraft:walk_on_water_one_cm":19054,"minecraft:total_world_time":110827,"minecraft:interact_with_furnace":30,"minecraft:sleep_in_bed":6,"minecraft:time_since_rest":25302,"minecraft:damage_taken":1535,"minecraft:damage_dealt":4167,"minecraft:swim_one_cm":19215,"minecraft:fly_one_cm":375212,"minecraft:open_chest":23,"minecraft:crouch_one_cm":9058,"minecraft:fall_one_cm":59051},"minecraft:picked_up":{"minecraft:fishing_rod":3,"minecraft:iron_chestplate":4,"minecraft:crafting_table":11,"minecraft:sandstone_slab":1,"minecraft:chicken":2,"minecraft:wooden_pickaxe":3,"minecraft:gold_block":1,"minecraft:string":3,"minecraft:red_sand":2,"minecraft:beef":6,"minecraft:oak_boat":5,"minecraft:melon_slice":8,"minecraft:sugar_cane":7,"minecraft:furnace":7,"minecraft:stick":9,"minecraft:raw_iron":19,"minecraft:sandstone":1,"minecraft:torch":5,"minecraft:porkchop":8,"minecraft:diorite":3,"minecraft:prismarine_crystals":9,"minecraft:arrow":3,"minecraft:shears":4,"minecraft:carved_pumpkin":2,"minecraft:saddle":3,"minecraft:mutton":8,"minecraft:white_wool":9,"minecraft:cobblestone":176,"minecraft:nautilus_shell":3,"minecraft:feather":6,"minecraft:cooked_beef":3,"minecraft:andesite":9,"minecraft:leather":9,"minecraft:potato":18,"minecraft:filled_map":6,"minecraft:oak_log":78,"minecraft:lapis_lazuli":5,"minecraft:map":6,"minecraft:dirt":32,"minecraft:orange_terracotta":1,"minecraft:leather_boots":4,"minecraft:bone":2,"minecraft:wheat_seeds":103,"minecraft:raw_gold":12,"minecraft:iron_ingot":6,"minecraft:stone_pickaxe":2,"minecraft:oak_planks":63,"minecraft:sweet_berries":128,"minecraft:gravel":4,"minecraft:sand":1,"minecraft:spruce_sapling":2,"minecraft:white_bed":8,"minecraft:pumpkin_seeds":9,"minecraft:stone_axe":3,"minecraft:iron_helmet":1,"minecraft:emerald":14,"minecraft:bread":12,"minecraft:oak_sapling":3,"minecraft:coal":167},"minecraft:crafted":{"minecraft:oak_planks":48,"minecraft:furnace":1,"minecraft:cooked_mutton":8,"minecraft:iron_boots":1,"minecraft:stone_pickaxe":1,"minecraft:chest":2,"minecraft:cooked_beef":6,"minecraft:cooked_porkchop":8,"minecraft:crafting_table":1,"minecraft:wooden_pickaxe":1,"minecraft:iron_helmet":1,"minecraft:iron_sword":1,"minecraft:bucket":1,"minecraft:stone_axe":1,"minecraft:air":0,"minecraft:oak_boat":1,"minecraft:stick":16,"minecraft:iron_ingot":17,"minecraft:iron_pickaxe":1,"minecraft:stone_sword":1,"minecraft:iron_leggings":1,"minecraft:white_bed":1},"minecraft:killed":{"minecraft:cave_spider":1,"minecraft:spider":2,"minecraft:skeleton":5,"minecraft:chicken":2,"minecraft:pig":4,"minecraft:sheep":5,"minecraft:zombie":9,"minecraft:cow":2},"minecraft:mined":{"minecraft:white_bed":5,"minecraft:dark_oak_fence":2,"minecraft:red_sand":3,"minecraft:acacia_log":1,"minecraft:grass_block":3,"minecraft:spruce_leaves":3,"minecraft:sandstone":1,"minecraft:spawner":2,"minecraft:furnace":4,"minecraft:iron_ore":19,"minecraft:andesite":6,"minecraft:gold_block":1,"minecraft:rail":1,"minecraft:stone":105,"minecraft:sandstone_slab":1,"minecraft:orange_terracotta":6,"minecraft:crafting_table":8,"minecraft:melon":2,"minecraft:chest":2,"minecraft:cobblestone":3,"minecraft:lapis_ore":1,"minecraft:sugar_cane":3,"minecraft:diorite":3,"minecraft:wall_torch":4,"minecraft:grass":5,"minecraft:oak_log":12,"minecraft:coal_ore":60,"minecraft:sand":2,"minecraft:dirt":19,"minecraft:cobweb":5,"minecraft:terracotta":18,"minecraft:gold_ore":12,"minecraft:oak_leaves":2}},"DataVersion":3465}