{"stats":{"minecraft:used":{"minecraft:stone_sword":111,"minecraft:chest":2,"minecraft:torch":7,"minecraft:dirt":4,"minecraft:golden_carrot":1,"minecraft:furnace":4,"minecraft:cooked_beef":6,"minecraft:cooked_mutton":8,"minecraft:water_bucket":33,"minecraft:diorite":1,"minecraft:stone_pickaxe":85,"minecraft:oak_planks":1,"minecraft:wooden_pickaxe":13,"minecraft:crafting_table":8,"minecraft:white_bed":5,"minecraft:map":1,"minecraft:iron_pickaxe":140,"minecraft:gravel":1,"minecraft:stone_axe":27,"minecraft:cobblestone":44,"minecraft:cooked_porkchop":1,"minecraft:andesite":1,"minecraft:bucket":34,"minecraft:oak_boat":3},"minecraft:dropped":{"minecraft:bread":12,"minecraft:iron_ingot":4,"minecraft:wheat_seeds":103,"minecraft:cooked_beef":3,"minecraft:oak_log":66,"minecraft:crafting_table":3,"minecraft:sandstone_slab":1,"minecraft:iron_helmet":2,"minecraft:feather":3,"minecraft:cobblestone":70,"minecraft:prismarine_crystals":9,"minecraft:leather":9,"minecraft:saddle":3,"minecraft:coal":46,"minecraft:stick":8,"minecraft:emerald":14,"minecraft:dirt":10,"minecraft:map":5,"minecraft:fishing_rod":3,"minecraft:white_wool":4,"minecraft:spruce_sapling":2,"minecraft:bone":2,"minecraft:gravel":3,"minecraft:furnace":3,"minecraft:stone_axe":3,"minecraft:sweet_berries":128,"minecraft:oak_planks":63,"minecraft:white_bed":3,"minecraft:shears":4,"minecraft:pumpkin_seeds":9,"minecraft:filled_map":7,"minecraft:potato":18,"minecraft:iron_chestplate":5,"minecraft:andesite":8,"minecraft:leather_boots":4,"minecraft:oak_sapling":3,"minecraft:carved_pumpkin":2,"minecraft:sandstone":1,"minecraft:red_sand":1,"minecraft:stone_pickaxe":2,"minecraft:wooden_pickaxe":3,"minecraft:nautilus_shell":3},"minecraft:custom":{"minecraft:mob_kills":30,"minecraft:interact_with_crafting_table":17,"minecraft:leave_game":1,"minecraft:time_since_death":81295,"minecraft:climb_one_cm":181,"minecraft:sprint_one_cm":279614,"minecraft:walk_one_cm":221150,"minecraft:drop":649,"minecraft:play_time":81295,"minecraft:sneak_time":3098,"minecraft:walk_under_water_one_cm":16032,"minecraft:boat_one_cm":200797,"minecraft:jump":1416,"minecraft:walk_on_water_one_cm":16246,"minecraft:total_world_time":81295,"minecraft:interact_with_furnace":28,"minecraft:sleep_in_bed":4,"minecraft:time_since_rest":19761,"minecraft:damage_taken":1079,"minecraft:damage_dealt":4167,"minecraft:swim_one_cm":12629,"minecraft:fly_one_cm":266310,"minecraft:open_chest":21,"minecraft:crouch_one_cm":9058,"minecraft:fall_one_cm":40259},"minecraft:picked_up":{"minecraft:fishing_rod":3,"minecraft:crafting_table":10,"minecraft:iron_chestplate":4,"minecraft:sandstone_slab":1,"minecraft:chicken":2,"minecraft:wooden_pickaxe":3,"minecraft:gold_block":1,"minecraft:string":2,"minecraft:red_sand":2,"minecraft:beef":6,"minecraft:oak_boat":3,"minecraft:sugar_cane":7,"minecraft:furnace":6,"minecraft:stick":8,"minecraft:raw_iron":19,"minecraft:sandstone":1,"minecraft:torch":5,"minecraft:porkchop":8,"minecraft:diorite":3,"minecraft:prismarine_crystals":9,"minecraft:arrow":3,"minecraft:shears":4,"minecraft:carved_pumpkin":2,"minecraft:saddle":3,"minecraft:mutton":8,"minecraft:white_wool":9,"minecraft:cobblestone":172,"minecraft:nautilus_shell":3,"minecraft:feather":6,"minecraft:cooked_beef":3,"minecraft:andesite":9,"minecraft:leather":9,"minecraft:potato":18,"minecraft:filled_map":6,"minecraft:oak_log":78,"minecraft:map":6,"minecraft:lapis_lazuli":5,"minecraft:dirt":32,"minecraft:orange_terracotta":1,"minecraft:leather_boots":4,"minecraft:bone":2,"minecraft:wheat_seeds":103,"minecraft:raw_gold":12,"minecraft:iron_ingot":4,"minecraft:stone_pickaxe":2,"minecraft:oak_planks":63,"minecraft:sweet_berries":128,"minecraft:gravel":4,"minecraft:spruce_sapling":2,"minecraft:white_bed":8,"minecraft:pumpkin_seeds":9,"minecraft:stone_axe":3,"minecraft:iron_helmet":1,"minecraft:emerald":14,"minecraft:bread":12,"minecraft:oak_sapling":3,"minecraft:coal":106},"minecraft:crafted":{"minecraft:oak_planks":48,"minecraft:furnace":1,"minecraft:cooked_mutton":8,"minecraft:stone_pickaxe":1,"minecraft:chest":2,"minecraft:cooked_beef":6,"minecraft:cooked_porkchop":8,"minecraft:crafting_table":1,"minecraft:wooden_pickaxe":1,"minecraft:bucket":1,"minecraft:stone_axe":1,"minecraft:air":0,"minecraft:oak_boat":1,"minecraft:stick":12,"minecraft:iron_ingot":14,"minecraft:iron_pickaxe":1,"minecraft:stone_sword":1,"minecraft:white_bed":1},"minecraft:killed":{"minecraft:cave_spider":1,"minecraft:spider":2,"minecraft:skeleton":5,"minecraft:chicken":2,"minecraft:pig":4,"minecraft:sheep":5,"minecraft:zombie":9,"minecraft:cow":2},"minecraft:mined":{"minecraft:white_bed":5,"minecraft:dark_oak_fence":2,"minecraft:red_sand":3,"minecraft:acacia_log":1,"minecraft:grass_block":3,"minecraft:spruce_leaves":3,"minecraft:sandstone":1,"minecraft:spawner":2,"minecraft:furnace":3,"minecraft:iron_ore":19,"minecraft:andesite":6,"minecraft:gold_block":1,"minecraft:rail":1,"minecraft:stone":103,"minecraft:sandstone_slab":1,"minecraft:orange_terracotta":1,"minecraft:crafting_table":7,"minecraft:cobblestone":1,"minecraft:lapis_ore":1,"minecraft:sugar_cane":3,"minecraft:diorite":3,"minecraft:wall_torch":4,"minecraft:grass":5,"minecraft:coal_ore":60,"minecraft:oak_log":12,"minecraft:sand":1,"minecraft:dirt":19,"minecraft:cobweb":4,"minecraft:terracotta":5,"minecraft:gold_ore":12,"minecraft:oak_leaves":2}},"DataVersion":3465}