{"stats":{"minecraft:used":{"minecraft:chest":3,"minecraft:spruce_planks":90,"minecraft:shield":27,"minecraft:iron_sword":111,"minecraft:bell":1,"minecraft:cooked_chicken":4,"minecraft:torch":42,"minecraft:dirt":6,"minecraft:carrot":5,"minecraft:golden_shovel":32,"minecraft:tuff":18,"minecraft:dark_oak_planks":14,"minecraft:wooden_axe":14,"minecraft:iron_axe":15,"minecraft:golden_sword":34,"minecraft:dark_oak_boat":1,"minecraft:furnace":12,"minecraft:egg":1,"minecraft:cooked_beef":6,"minecraft:cooked_mutton":15,"minecraft:water_bucket":1,"minecraft:diorite":1,"minecraft:stone_pickaxe":317,"minecraft:oak_planks":12,"minecraft:wooden_pickaxe":23,"minecraft:sand":13,"minecraft:crafting_table":17,"minecraft:white_bed":6,"minecraft:iron_pickaxe":402,"minecraft:stone_axe":215,"minecraft:cobblestone":55,"minecraft:cooked_porkchop":11,"minecraft:bucket":1},"minecraft:broken":{"minecraft:golden_shovel":1,"minecraft:iron_pickaxe":1},"minecraft:dropped":{"minecraft:iron_ingot":8,"minecraft:wheat_seeds":8,"minecraft:golden_helmet":2,"minecraft:glass_bottle":1,"minecraft:crossbow":2,"minecraft:feather":1,"minecraft:leather":2,"minecraft:dark_oak_button":2,"minecraft:flint":3,"minecraft:stick":9,"minecraft:dirt":1,"minecraft:wooden_axe":1,"minecraft:seagrass":2,"minecraft:fire_charge":1,"minecraft:gold_nugget":5,"minecraft:white_banner":1,"minecraft:sand":49,"minecraft:string":11,"minecraft:dark_oak_planks":2,"minecraft:pink_petals":10,"minecraft:fishing_rod":1,"minecraft:birch_log":1,"minecraft:white_wool":3,"minecraft:spruce_sapling":3,"minecraft:bone":9,"minecraft:gravel":2,"minecraft:stone_axe":2,"minecraft:kelp":1,"minecraft:iron_nugget":12,"minecraft:cobbled_deepslate":51,"minecraft:wheat":3,"minecraft:white_carpet":3,"minecraft:rotten_flesh":14,"minecraft:light_gray_wool":2,"minecraft:light_gray_carpet":1,"minecraft:potato":1,"minecraft:gunpowder":4,"minecraft:oak_button":7,"minecraft:spruce_planks":1,"minecraft:iron_chestplate":1,"minecraft:beetroot_seeds":2,"minecraft:chest":2,"minecraft:sandstone":4,"minecraft:wooden_pickaxe":2,"minecraft:arrow":10,"minecraft:stone_pickaxe":2,"minecraft:red_tulip":2,"minecraft:bell":1,"minecraft:black_wool":1,"minecraft:egg":1},"minecraft:custom":{"minecraft:mob_kills":90,"minecraft:interact_with_crafting_table":56,"minecraft:leave_game":11,"minecraft:time_since_death":199680,"minecraft:climb_one_cm":865,"minecraft:sprint_one_cm":354458,"minecraft:walk_one_cm":531547,"minecraft:damage_blocked_by_shield":196,"minecraft:drop":90,"minecraft:play_time":232144,"minecraft:sneak_time":12693,"minecraft:deaths":1,"minecraft:walk_under_water_one_cm":35829,"minecraft:boat_one_cm":563502,"minecraft:jump":4289,"minecraft:walk_on_water_one_cm":53603,"minecraft:total_world_time":232144,"minecraft:interact_with_furnace":90,"minecraft:sleep_in_bed":17,"minecraft:time_since_rest":16846,"minecraft:damage_taken":2792,"minecraft:damage_dealt":10736,"minecraft:player_kills":1,"minecraft:swim_one_cm":31428,"minecraft:fly_one_cm":725668,"minecraft:open_chest":41,"minecraft:crouch_one_cm":36265,"minecraft:fall_one_cm":126043,"minecraft:horse_one_cm":94098},"minecraft:killed_by":{"minecraft:zombie":1},"minecraft:picked_up":{"minecraft:seagrass":2,"minecraft:crafting_table":15,"minecraft:wheat":3,"minecraft:chicken":24,"minecraft:string":11,"minecraft:raw_copper":5,"minecraft:white_carpet":3,"minecraft:gold_nugget":5,"minecraft:cobbled_deepslate":65,"minecraft:spruce_planks":9,"minecraft:beef":9,"minecraft:iron_nugget":3,"minecraft:light_gray_wool":2,"minecraft:chest":3,"minecraft:furnace":8,"minecraft:egg":4,"minecraft:stick":6,"minecraft:raw_iron":65,"minecraft:sandstone":8,"minecraft:torch":15,"minecraft:fire_charge":1,"minecraft:porkchop":13,"minecraft:diorite":1,"minecraft:dark_oak_planks":10,"minecraft:rotten_flesh":14,"minecraft:arrow":12,"minecraft:beetroot_seeds":2,"minecraft:red_tulip":2,"minecraft:mutton":28,"minecraft:white_wool":19,"minecraft:cobblestone":363,"minecraft:birch_log":1,"minecraft:pink_petals":10,"minecraft:feather":23,"minecraft:andesite":13,"minecraft:leather":3,"minecraft:potato":1,"minecraft:flint":1,"minecraft:tuff":18,"minecraft:oak_log":35,"minecraft:gunpowder":4,"minecraft:lapis_lazuli":9,"minecraft:dirt":19,"minecraft:white_banner":5,"minecraft:cooked_mutton":2,"minecraft:bone":14,"minecraft:kelp":1,"minecraft:wheat_seeds":8,"minecraft:raw_gold":21,"minecraft:rabbit_hide":1,"minecraft:bell":2,"minecraft:cooked_chicken":1,"minecraft:stone_pickaxe":1,"minecraft:rabbit":2,"minecraft:glass_bottle":2,"minecraft:oak_planks":3,"minecraft:cooked_porkchop":4,"minecraft:gravel":14,"minecraft:sand":85,"minecraft:spruce_sapling":3,"minecraft:white_bed":4,"minecraft:spruce_log":31,"minecraft:diamond":8,"minecraft:stone_axe":1,"minecraft:crossbow":1,"minecraft:emerald":2,"minecraft:light_gray_carpet":1,"minecraft:black_wool":2,"minecraft:coal":175},"minecraft:crafted":{"minecraft:oak_planks":56,"minecraft:dark_oak_boat":1,"minecraft:cooked_chicken":24,"minecraft:furnace":4,"minecraft:cooked_mutton":28,"minecraft:flint_and_steel":1,"minecraft:iron_axe":1,"minecraft:stone_pickaxe":4,"minecraft:chest":2,"minecraft:oak_button":7,"minecraft:dark_oak_planks":20,"minecraft:cooked_beef":6,"minecraft:cooked_porkchop":7,"minecraft:crafting_table":3,"minecraft:spruce_planks":124,"minecraft:wooden_pickaxe":2,"minecraft:iron_sword":1,"minecraft:bucket":1,"minecraft:dark_oak_button":2,"minecraft:stone_axe":3,"minecraft:air":0,"minecraft:diamond_pickaxe":1,"minecraft:charcoal":1,"minecraft:shield":2,"minecraft:stick":44,"minecraft:iron_ingot":58,"minecraft:iron_pickaxe":2,"minecraft:wooden_axe":1,"minecraft:white_bed":2,"minecraft:torch":40},"minecraft:killed":{"minecraft:witch":1,"minecraft:skeleton":9,"minecraft:chicken":25,"minecraft:drowned":2,"minecraft:turtle":2,"minecraft:pig":8,"minecraft:rabbit":2,"minecraft:sheep":20,"minecraft:zombie":13,"minecraft:cow":5},"minecraft:mined":{"minecraft:dark_oak_planks":3,"minecraft:tuff":22,"minecraft:spruce_planks":9,"minecraft:white_bed":5,"minecraft:deepslate_diamond_ore":8,"minecraft:sea_lantern":1,"minecraft:grass_block":4,"minecraft:spruce_leaves":16,"minecraft:sandstone":4,"minecraft:spawner":2,"minecraft:large_fern":1,"minecraft:tall_seagrass":1,"minecraft:furnace":9,"minecraft:iron_ore":63,"minecraft:andesite":13,"minecraft:deepslate_lapis_ore":1,"minecraft:bell":1,"minecraft:red_tulip":1,"minecraft:deepslate_iron_ore":2,"minecraft:vine":1,"minecraft:stone":348,"minecraft:light_gray_carpet":1,"minecraft:glass_pane":1,"minecraft:kelp_plant":1,"minecraft:crafting_table":15,"minecraft:torch":5,"minecraft:emerald_ore":2,"minecraft:chest":4,"minecraft:tall_grass":4,"minecraft:cobblestone":6,"minecraft:deepslate_gold_ore":21,"minecraft:oak_planks":3,"minecraft:diorite":1,"minecraft:wall_torch":6,"minecraft:pink_petals":17,"minecraft:birch_log":1,"minecraft:wheat":1,"minecraft:white_carpet":2,"minecraft:spruce_log":31,"minecraft:birch_leaves":1,"minecraft:white_wall_banner":7,"minecraft:grass":35,"minecraft:oak_log":35,"minecraft:coal_ore":148,"minecraft:gravel":13,"minecraft:sand":33,"minecraft:dirt":13,"minecraft:oak_leaves":12,"minecraft:deepslate":73,"minecraft:fern":5}},"DataVersion":3465}