{"stats":{"minecraft:used":{"minecraft:chest":1,"minecraft:spruce_planks":57,"minecraft:iron_sword":26,"minecraft:cooked_chicken":3,"minecraft:torch":30,"minecraft:dirt":6,"minecraft:golden_shovel":32,"minecraft:wooden_axe":14,"minecraft:dark_oak_planks":14,"minecraft:iron_axe":5,"minecraft:golden_sword":31,"minecraft:dark_oak_boat":1,"minecraft:furnace":8,"minecraft:cooked_beef":4,"minecraft:cooked_mutton":13,"minecraft:diorite":1,"minecraft:stone_pickaxe":317,"minecraft:oak_planks":12,"minecraft:wooden_pickaxe":23,"minecraft:sand":13,"minecraft:crafting_table":12,"minecraft:white_bed":5,"minecraft:iron_pickaxe":115,"minecraft:stone_axe":215,"minecraft:cobblestone":3},"minecraft:broken":{"minecraft:golden_shovel":1},"minecraft:dropped":{"minecraft:wheat_seeds":6,"minecraft:golden_helmet":2,"minecraft:glass_bottle":1,"minecraft:crossbow":1,"minecraft:feather":1,"minecraft:leather":2,"minecraft:dark_oak_button":2,"minecraft:flint":3,"minecraft:dirt":1,"minecraft:wooden_axe":1,"minecraft:seagrass":2,"minecraft:gold_nugget":5,"minecraft:sand":49,"minecraft:string":7,"minecraft:dark_oak_planks":2,"minecraft:fishing_rod":1,"minecraft:birch_log":1,"minecraft:white_wool":3,"minecraft:spruce_sapling":3,"minecraft:bone":4,"minecraft:gravel":2,"minecraft:stone_axe":2,"minecraft:kelp":1,"minecraft:iron_nugget":3,"minecraft:cobbled_deepslate":51,"minecraft:wheat":3,"minecraft:white_carpet":3,"minecraft:rotten_flesh":11,"minecraft:light_gray_wool":1,"minecraft:light_gray_carpet":1,"minecraft:gunpowder":2,"minecraft:oak_button":7,"minecraft:spruce_planks":1,"minecraft:iron_chestplate":1,"minecraft:beetroot_seeds":1,"minecraft:chest":1,"minecraft:sandstone":4,"minecraft:wooden_pickaxe":2,"minecraft:arrow":4,"minecraft:stone_pickaxe":2,"minecraft:bell":1,"minecraft:black_wool":1,"minecraft:egg":1},"minecraft:custom":{"minecraft:mob_kills":63,"minecraft:interact_with_crafting_table":45,"minecraft:leave_game":9,"minecraft:time_since_death":128060,"minecraft:climb_one_cm":865,"minecraft:sprint_one_cm":215529,"minecraft:walk_one_cm":334732,"minecraft:drop":57,"minecraft:play_time":160524,"minecraft:deaths":1,"minecraft:sneak_time":10850,"minecraft:walk_under_water_one_cm":27023,"minecraft:boat_one_cm":563502,"minecraft:jump":2368,"minecraft:walk_on_water_one_cm":41251,"minecraft:total_world_time":160524,"minecraft:interact_with_furnace":63,"minecraft:sleep_in_bed":14,"minecraft:time_since_rest":29288,"minecraft:damage_taken":1239,"minecraft:damage_dealt":6844,"minecraft:swim_one_cm":23654,"minecraft:fly_one_cm":424062,"minecraft:player_kills":1,"minecraft:open_chest":27,"minecraft:crouch_one_cm":31310,"minecraft:fall_one_cm":68979},"minecraft:killed_by":{"minecraft:zombie":1},"minecraft:picked_up":{"minecraft:seagrass":2,"minecraft:crafting_table":11,"minecraft:wheat":3,"minecraft:chicken":24,"minecraft:string":7,"minecraft:raw_copper":5,"minecraft:white_carpet":3,"minecraft:gold_nugget":5,"minecraft:cobbled_deepslate":51,"minecraft:spruce_planks":3,"minecraft:beef":9,"minecraft:iron_nugget":3,"minecraft:light_gray_wool":1,"minecraft:chest":3,"minecraft:furnace":6,"minecraft:egg":3,"minecraft:raw_iron":64,"minecraft:sandstone":8,"minecraft:torch":10,"minecraft:fire_charge":1,"minecraft:porkchop":7,"minecraft:diorite":1,"minecraft:dark_oak_planks":10,"minecraft:rotten_flesh":11,"minecraft:arrow":6,"minecraft:beetroot_seeds":1,"minecraft:mutton":16,"minecraft:white_wool":11,"minecraft:cobblestone":135,"minecraft:birch_log":1,"minecraft:feather":23,"minecraft:leather":3,"minecraft:potato":1,"minecraft:flint":1,"minecraft:oak_log":35,"minecraft:gunpowder":2,"minecraft:lapis_lazuli":9,"minecraft:dirt":9,"minecraft:white_banner":5,"minecraft:cooked_mutton":2,"minecraft:bone":8,"minecraft:kelp":1,"minecraft:wheat_seeds":6,"minecraft:raw_gold":21,"minecraft:bell":1,"minecraft:stone_pickaxe":1,"minecraft:glass_bottle":2,"minecraft:oak_planks":3,"minecraft:gravel":6,"minecraft:sand":85,"minecraft:spruce_sapling":3,"minecraft:white_bed":4,"minecraft:spruce_log":31,"minecraft:diamond":5,"minecraft:stone_axe":1,"minecraft:light_gray_carpet":1,"minecraft:black_wool":2,"minecraft:coal":173},"minecraft:crafted":{"minecraft:oak_planks":56,"minecraft:dark_oak_boat":1,"minecraft:cooked_chicken":24,"minecraft:furnace":4,"minecraft:cooked_mutton":16,"minecraft:flint_and_steel":1,"minecraft:iron_axe":1,"minecraft:stone_pickaxe":4,"minecraft:oak_button":7,"minecraft:dark_oak_planks":20,"minecraft:cooked_beef":6,"minecraft:cooked_porkchop":1,"minecraft:crafting_table":3,"minecraft:spruce_planks":124,"minecraft:wooden_pickaxe":2,"minecraft:iron_sword":1,"minecraft:dark_oak_button":2,"minecraft:stone_axe":3,"minecraft:air":0,"minecraft:charcoal":1,"minecraft:stick":40,"minecraft:iron_ingot":58,"minecraft:iron_pickaxe":1,"minecraft:wooden_axe":1,"minecraft:white_bed":1,"minecraft:torch":40},"minecraft:killed":{"minecraft:witch":1,"minecraft:skeleton":2,"minecraft:chicken":25,"minecraft:drowned":2,"minecraft:turtle":2,"minecraft:pig":3,"minecraft:sheep":11,"minecraft:zombie":9,"minecraft:cow":5},"minecraft:mined":{"minecraft:dark_oak_planks":3,"minecraft:tuff":3,"minecraft:spruce_planks":3,"minecraft:white_bed":5,"minecraft:deepslate_diamond_ore":5,"minecraft:sea_lantern":1,"minecraft:grass_block":2,"minecraft:spruce_leaves":16,"minecraft:sandstone":4,"minecraft:spawner":1,"minecraft:large_fern":1,"minecraft:tall_seagrass":1,"minecraft:furnace":7,"minecraft:iron_ore":63,"minecraft:deepslate_lapis_ore":1,"minecraft:bell":1,"minecraft:deepslate_iron_ore":1,"minecraft:vine":1,"minecraft:stone":127,"minecraft:light_gray_carpet":1,"minecraft:glass_pane":1,"minecraft:kelp_plant":1,"minecraft:crafting_table":11,"minecraft:torch":2,"minecraft:chest":4,"minecraft:tall_grass":4,"minecraft:cobblestone":6,"minecraft:deepslate_gold_ore":21,"minecraft:oak_planks":3,"minecraft:diorite":1,"minecraft:wall_torch":5,"minecraft:birch_log":1,"minecraft:wheat":1,"minecraft:white_carpet":2,"minecraft:spruce_log":31,"minecraft:birch_leaves":1,"minecraft:white_wall_banner":7,"minecraft:grass":22,"minecraft:oak_log":35,"minecraft:coal_ore":146,"minecraft:gravel":5,"minecraft:sand":33,"minecraft:dirt":4,"minecraft:deepslate":60,"minecraft:oak_leaves":8,"minecraft:fern":5}},"DataVersion":3465}