{"stats":{"minecraft:used":{"minecraft:chest":1,"minecraft:spruce_planks":37,"minecraft:iron_sword":6,"minecraft:cooked_chicken":3,"minecraft:torch":27,"minecraft:dirt":6,"minecraft:golden_shovel":32,"minecraft:dark_oak_planks":14,"minecraft:wooden_axe":14,"minecraft:golden_sword":26,"minecraft:dark_oak_boat":1,"minecraft:furnace":6,"minecraft:cooked_beef":4,"minecraft:cooked_mutton":11,"minecraft:stone_pickaxe":284,"minecraft:oak_planks":12,"minecraft:wooden_pickaxe":23,"minecraft:sand":13,"minecraft:crafting_table":10,"minecraft:white_bed":5,"minecraft:stone_axe":215,"minecraft:cobblestone":3},"minecraft:broken":{"minecraft:golden_shovel":1},"minecraft:dropped":{"minecraft:wheat_seeds":6,"minecraft:glass_bottle":1,"minecraft:feather":1,"minecraft:leather":2,"minecraft:dirt":1,"minecraft:wooden_axe":1,"minecraft:seagrass":2,"minecraft:sand":49,"minecraft:string":5,"minecraft:dark_oak_planks":2,"minecraft:fishing_rod":1,"minecraft:birch_log":1,"minecraft:white_wool":3,"minecraft:spruce_sapling":3,"minecraft:bone":4,"minecraft:gravel":2,"minecraft:stone_axe":1,"minecraft:kelp":1,"minecraft:iron_nugget":3,"minecraft:wheat":3,"minecraft:white_carpet":3,"minecraft:rotten_flesh":7,"minecraft:light_gray_wool":1,"minecraft:light_gray_carpet":1,"minecraft:oak_button":7,"minecraft:iron_chestplate":1,"minecraft:sandstone":4,"minecraft:wooden_pickaxe":2,"minecraft:arrow":4,"minecraft:stone_pickaxe":1,"minecraft:black_wool":1,"minecraft:egg":1},"minecraft:custom":{"minecraft:mob_kills":57,"minecraft:interact_with_crafting_table":34,"minecraft:leave_game":8,"minecraft:time_since_death":104501,"minecraft:climb_one_cm":865,"minecraft:sprint_one_cm":206747,"minecraft:walk_one_cm":273198,"minecraft:drop":40,"minecraft:play_time":136965,"minecraft:deaths":1,"minecraft:sneak_time":4980,"minecraft:walk_under_water_one_cm":23937,"minecraft:boat_one_cm":563502,"minecraft:jump":2114,"minecraft:walk_on_water_one_cm":36627,"minecraft:total_world_time":136965,"minecraft:interact_with_furnace":28,"minecraft:sleep_in_bed":14,"minecraft:time_since_rest":5729,"minecraft:damage_taken":1144,"minecraft:damage_dealt":5735,"minecraft:swim_one_cm":19498,"minecraft:fly_one_cm":409247,"minecraft:player_kills":1,"minecraft:open_chest":24,"minecraft:crouch_one_cm":15159,"minecraft:fall_one_cm":62679},"minecraft:killed_by":{"minecraft:zombie":1},"minecraft:picked_up":{"minecraft:seagrass":2,"minecraft:crafting_table":9,"minecraft:wheat":3,"minecraft:chicken":24,"minecraft:string":5,"minecraft:raw_copper":5,"minecraft:white_carpet":3,"minecraft:gold_nugget":5,"minecraft:spruce_planks":2,"minecraft:beef":9,"minecraft:iron_nugget":3,"minecraft:light_gray_wool":1,"minecraft:chest":2,"minecraft:egg":3,"minecraft:furnace":4,"minecraft:sandstone":8,"minecraft:raw_iron":31,"minecraft:torch":9,"minecraft:fire_charge":1,"minecraft:porkchop":7,"minecraft:dark_oak_planks":10,"minecraft:rotten_flesh":8,"minecraft:arrow":6,"minecraft:mutton":16,"minecraft:white_wool":11,"minecraft:cobblestone":114,"minecraft:birch_log":1,"minecraft:feather":23,"minecraft:leather":3,"minecraft:potato":1,"minecraft:flint":1,"minecraft:oak_log":35,"minecraft:dirt":9,"minecraft:white_banner":5,"minecraft:cooked_mutton":2,"minecraft:bone":8,"minecraft:kelp":1,"minecraft:wheat_seeds":6,"minecraft:bell":1,"minecraft:stone_pickaxe":1,"minecraft:glass_bottle":2,"minecraft:oak_planks":3,"minecraft:gravel":6,"minecraft:sand":85,"minecraft:spruce_sapling":3,"minecraft:white_bed":4,"minecraft:spruce_log":31,"minecraft:stone_axe":1,"minecraft:light_gray_carpet":1,"minecraft:black_wool":2,"minecraft:coal":173},"minecraft:crafted":{"minecraft:oak_planks":56,"minecraft:dark_oak_boat":1,"minecraft:cooked_chicken":24,"minecraft:furnace":2,"minecraft:cooked_mutton":14,"minecraft:stone_pickaxe":4,"minecraft:oak_button":7,"minecraft:dark_oak_planks":20,"minecraft:cooked_beef":6,"minecraft:cooked_porkchop":1,"minecraft:crafting_table":3,"minecraft:spruce_planks":124,"minecraft:wooden_pickaxe":2,"minecraft:iron_sword":1,"minecraft:stone_axe":3,"minecraft:air":0,"minecraft:charcoal":1,"minecraft:stick":36,"minecraft:iron_ingot":1,"minecraft:wooden_axe":1,"minecraft:white_bed":1,"minecraft:torch":40},"minecraft:killed":{"minecraft:witch":1,"minecraft:skeleton":2,"minecraft:chicken":25,"minecraft:drowned":2,"minecraft:turtle":2,"minecraft:pig":3,"minecraft:sheep":11,"minecraft:zombie":3,"minecraft:cow":5},"minecraft:mined":{"minecraft:dark_oak_planks":3,"minecraft:spruce_planks":2,"minecraft:white_bed":5,"minecraft:sea_lantern":1,"minecraft:grass_block":2,"minecraft:spruce_leaves":16,"minecraft:sandstone":4,"minecraft:large_fern":1,"minecraft:tall_seagrass":1,"minecraft:furnace":5,"minecraft:iron_ore":31,"minecraft:bell":1,"minecraft:vine":1,"minecraft:stone":106,"minecraft:light_gray_carpet":1,"minecraft:glass_pane":1,"minecraft:kelp_plant":1,"minecraft:crafting_table":9,"minecraft:torch":2,"minecraft:chest":2,"minecraft:tall_grass":4,"minecraft:cobblestone":6,"minecraft:oak_planks":3,"minecraft:wall_torch":4,"minecraft:birch_log":1,"minecraft:wheat":1,"minecraft:white_carpet":2,"minecraft:spruce_log":31,"minecraft:birch_leaves":1,"minecraft:white_wall_banner":7,"minecraft:grass":22,"minecraft:oak_log":35,"minecraft:coal_ore":146,"minecraft:gravel":5,"minecraft:sand":33,"minecraft:dirt":4,"minecraft:oak_leaves":8,"minecraft:fern":5}},"DataVersion":3465}