{"stats":{"minecraft:used":{"minecraft:wooden_axe":14,"minecraft:crafting_table":2,"minecraft:furnace":2,"minecraft:stone_pickaxe":3,"minecraft:wooden_pickaxe":13,"minecraft:cooked_beef":1},"minecraft:custom":{"minecraft:time_since_rest":6383,"minecraft:interact_with_furnace":7,"minecraft:crouch_one_cm":1930,"minecraft:play_time":6383,"minecraft:sprint_one_cm":12439,"minecraft:damage_taken":48,"minecraft:walk_one_cm":15360,"minecraft:sneak_time":718,"minecraft:jump":68,"minecraft:damage_dealt":138,"minecraft:time_since_death":6383,"minecraft:total_world_time":6383,"minecraft:climb_one_cm":232,"minecraft:interact_with_crafting_table":4,"minecraft:fall_one_cm":1428,"minecraft:fly_one_cm":5889,"minecraft:player_kills":1},"minecraft:picked_up":{"minecraft:crafting_table":1,"minecraft:beef":2,"minecraft:oak_log":11,"minecraft:furnace":1,"minecraft:cobblestone":15},"minecraft:crafted":{"minecraft:cooked_beef":2,"minecraft:furnace":1,"minecraft:oak_planks":28,"minecraft:crafting_table":1,"minecraft:stick":8,"minecraft:air":0,"minecraft:stone_pickaxe":1,"minecraft:wooden_pickaxe":1,"minecraft:wooden_axe":1},"minecraft:mined":{"minecraft:grass":2,"minecraft:oak_log":11,"minecraft:furnace":1,"minecraft:stone":15,"minecraft:oak_leaves":3,"minecraft:crafting_table":1}},"DataVersion":3465}