{"stats":{"minecraft:used":{"minecraft:cooked_mutton":5,"minecraft:stone_pickaxe":189,"minecraft:oak_planks":12,"minecraft:chest":1,"minecraft:wooden_pickaxe":23,"minecraft:cooked_chicken":3,"minecraft:torch":23,"minecraft:dirt":6,"minecraft:sand":2,"minecraft:crafting_table":7,"minecraft:white_bed":2,"minecraft:golden_shovel":21,"minecraft:wooden_axe":14,"minecraft:dark_oak_planks":2,"minecraft:stone_axe":156,"minecraft:golden_sword":1,"minecraft:cobblestone":3,"minecraft:furnace":6,"minecraft:cooked_beef":4},"minecraft:killed_by":{"minecraft:zombie":1},"minecraft:crafted":{"minecraft:cooked_beef":6,"minecraft:oak_planks":56,"minecraft:crafting_table":2,"minecraft:wooden_pickaxe":2,"minecraft:cooked_chicken":24,"minecraft:furnace":2,"minecraft:stone_axe":3,"minecraft:cooked_mutton":14,"minecraft:air":0,"minecraft:charcoal":1,"minecraft:stick":28,"minecraft:iron_ingot":1,"minecraft:stone_pickaxe":4,"minecraft:wooden_axe":1,"minecraft:oak_button":7,"minecraft:dark_oak_planks":20,"minecraft:torch":24},"minecraft:mined":{"minecraft:dark_oak_planks":2,"minecraft:light_gray_carpet":1,"minecraft:white_bed":2,"minecraft:glass_pane":1,"minecraft:kelp_plant":1,"minecraft:sea_lantern":1,"minecraft:crafting_table":6,"minecraft:torch":2,"minecraft:grass_block":1,"minecraft:chest":1,"minecraft:tall_grass":4,"minecraft:cobblestone":5,"minecraft:spruce_leaves":13,"minecraft:oak_planks":3,"minecraft:sandstone":4,"minecraft:wall_torch":3,"minecraft:large_fern":1,"minecraft:tall_seagrass":1,"minecraft:furnace":4,"minecraft:iron_ore":2,"minecraft:wheat":1,"minecraft:white_carpet":2,"minecraft:white_wall_banner":7,"minecraft:bell":1,"minecraft:grass":21,"minecraft:oak_log":35,"minecraft:coal_ore":97,"minecraft:vine":1,"minecraft:sand":22,"minecraft:gravel":5,"minecraft:dirt":4,"minecraft:stone":91,"minecraft:oak_leaves":7,"minecraft:fern":4},"minecraft:killed":{"minecraft:pig":3,"minecraft:sheep":8,"minecraft:skeleton":1,"minecraft:zombie":2,"minecraft:chicken":25,"minecraft:turtle":2,"minecraft:cow":5},"minecraft:dropped":{"minecraft:wheat_seeds":6,"minecraft:feather":1,"minecraft:white_carpet":3,"minecraft:light_gray_carpet":1,"minecraft:oak_button":7,"minecraft:iron_chestplate":1,"minecraft:wooden_axe":1,"minecraft:seagrass":2,"minecraft:wooden_pickaxe":2,"minecraft:string":5,"minecraft:fishing_rod":1,"minecraft:white_wool":1,"minecraft:black_wool":1,"minecraft:spruce_sapling":3},"minecraft:picked_up":{"minecraft:seagrass":2,"minecraft:crafting_table":6,"minecraft:feather":23,"minecraft:chicken":24,"minecraft:leather":3,"minecraft:potato":1,"minecraft:flint":1,"minecraft:oak_log":35,"minecraft:dirt":8,"minecraft:string":5,"minecraft:white_banner":5,"minecraft:raw_copper":5,"minecraft:white_carpet":3,"minecraft:bone":4,"minecraft:wheat_seeds":6,"minecraft:bell":1,"minecraft:beef":9,"minecraft:chest":1,"minecraft:oak_planks":3,"minecraft:egg":2,"minecraft:furnace":4,"minecraft:raw_iron":2,"minecraft:sandstone":4,"minecraft:torch":7,"minecraft:gravel":4,"minecraft:porkchop":7,"minecraft:sand":25,"minecraft:spruce_sapling":3,"minecraft:white_bed":2,"minecraft:dark_oak_planks":2,"minecraft:arrow":2,"minecraft:light_gray_carpet":1,"minecraft:black_wool":2,"minecraft:mutton":14,"minecraft:coal":125,"minecraft:white_wool":6,"minecraft:cobblestone":99},"minecraft:custom":{"minecraft:interact_with_furnace":27,"minecraft:mob_kills":46,"minecraft:interact_with_crafting_table":23,"minecraft:leave_game":5,"minecraft:time_since_death":47901,"minecraft:sleep_in_bed":4,"minecraft:climb_one_cm":865,"minecraft:time_since_rest":117,"minecraft:sprint_one_cm":142354,"minecraft:damage_taken":706,"minecraft:walk_one_cm":184718,"minecraft:drop":18,"minecraft:damage_dealt":3935,"minecraft:swim_one_cm":16869,"minecraft:fly_one_cm":298425,"minecraft:player_kills":1,"minecraft:open_chest":12,"minecraft:crouch_one_cm":9869,"minecraft:play_time":80365,"minecraft:deaths":1,"minecraft:sneak_time":3049,"minecraft:walk_under_water_one_cm":16895,"minecraft:boat_one_cm":132682,"minecraft:jump":1429,"minecraft:walk_on_water_one_cm":16847,"minecraft:total_world_time":80365,"minecraft:fall_one_cm":42220}},"DataVersion":3465}