{"stats":{"minecraft:used":{"minecraft:cooked_mutton":8,"minecraft:stone_pickaxe":249,"minecraft:oak_planks":12,"minecraft:spruce_planks":17,"minecraft:chest":1,"minecraft:wooden_pickaxe":23,"minecraft:iron_sword":3,"minecraft:cooked_chicken":3,"minecraft:torch":26,"minecraft:dirt":6,"minecraft:sand":13,"minecraft:crafting_table":9,"minecraft:white_bed":3,"minecraft:golden_shovel":32,"minecraft:wooden_axe":14,"minecraft:dark_oak_planks":14,"minecraft:dark_oak_boat":1,"minecraft:stone_axe":211,"minecraft:golden_sword":25,"minecraft:cobblestone":3,"minecraft:furnace":6,"minecraft:cooked_beef":4},"minecraft:broken":{"minecraft:golden_shovel":1},"minecraft:dropped":{"minecraft:stone_axe":1,"minecraft:wheat_seeds":6,"minecraft:iron_nugget":3,"minecraft:glass_bottle":1,"minecraft:feather":1,"minecraft:white_carpet":3,"minecraft:rotten_flesh":4,"minecraft:leather":2,"minecraft:light_gray_carpet":1,"minecraft:oak_button":7,"minecraft:iron_chestplate":1,"minecraft:wooden_axe":1,"minecraft:seagrass":2,"minecraft:sandstone":4,"minecraft:stone_pickaxe":1,"minecraft:arrow":4,"minecraft:wooden_pickaxe":2,"minecraft:string":5,"minecraft:fishing_rod":1,"minecraft:white_wool":1,"minecraft:bone":4,"minecraft:black_wool":1,"minecraft:spruce_sapling":3},"minecraft:custom":{"minecraft:interact_with_furnace":28,"minecraft:mob_kills":55,"minecraft:interact_with_crafting_table":27,"minecraft:leave_game":5,"minecraft:time_since_death":84204,"minecraft:sleep_in_bed":10,"minecraft:climb_one_cm":865,"minecraft:time_since_rest":10129,"minecraft:sprint_one_cm":165151,"minecraft:damage_taken":952,"minecraft:walk_one_cm":226795,"minecraft:drop":29,"minecraft:damage_dealt":5605,"minecraft:swim_one_cm":16869,"minecraft:fly_one_cm":348287,"minecraft:player_kills":1,"minecraft:open_chest":23,"minecraft:crouch_one_cm":13156,"minecraft:play_time":116668,"minecraft:deaths":1,"minecraft:sneak_time":4382,"minecraft:walk_under_water_one_cm":18600,"minecraft:boat_one_cm":520155,"minecraft:jump":1743,"minecraft:walk_on_water_one_cm":22360,"minecraft:total_world_time":116668,"minecraft:fall_one_cm":48910},"minecraft:killed_by":{"minecraft:zombie":1},"minecraft:picked_up":{"minecraft:seagrass":2,"minecraft:crafting_table":8,"minecraft:wheat":3,"minecraft:feather":23,"minecraft:chicken":24,"minecraft:leather":3,"minecraft:potato":1,"minecraft:flint":1,"minecraft:oak_log":35,"minecraft:dirt":9,"minecraft:string":5,"minecraft:white_banner":5,"minecraft:raw_copper":5,"minecraft:cooked_mutton":2,"minecraft:white_carpet":3,"minecraft:bone":8,"minecraft:kelp":1,"minecraft:wheat_seeds":6,"minecraft:gold_nugget":5,"minecraft:bell":1,"minecraft:spruce_planks":2,"minecraft:stone_pickaxe":1,"minecraft:beef":9,"minecraft:iron_nugget":3,"minecraft:glass_bottle":2,"minecraft:light_gray_wool":1,"minecraft:chest":2,"minecraft:oak_planks":3,"minecraft:furnace":4,"minecraft:egg":2,"minecraft:raw_iron":5,"minecraft:sandstone":8,"minecraft:torch":9,"minecraft:fire_charge":1,"minecraft:gravel":6,"minecraft:porkchop":7,"minecraft:sand":85,"minecraft:spruce_sapling":3,"minecraft:spruce_log":31,"minecraft:white_bed":3,"minecraft:dark_oak_planks":8,"minecraft:arrow":6,"minecraft:rotten_flesh":7,"minecraft:stone_axe":1,"minecraft:light_gray_carpet":1,"minecraft:black_wool":2,"minecraft:mutton":14,"minecraft:coal":171,"minecraft:white_wool":10,"minecraft:cobblestone":109},"minecraft:crafted":{"minecraft:cooked_beef":6,"minecraft:oak_planks":56,"minecraft:cooked_porkchop":1,"minecraft:dark_oak_boat":1,"minecraft:crafting_table":3,"minecraft:spruce_planks":124,"minecraft:wooden_pickaxe":2,"minecraft:cooked_chicken":24,"minecraft:iron_sword":1,"minecraft:furnace":2,"minecraft:stone_axe":3,"minecraft:cooked_mutton":14,"minecraft:air":0,"minecraft:charcoal":1,"minecraft:stick":36,"minecraft:iron_ingot":1,"minecraft:stone_pickaxe":4,"minecraft:wooden_axe":1,"minecraft:oak_button":7,"minecraft:dark_oak_planks":20,"minecraft:torch":40},"minecraft:killed":{"minecraft:pig":3,"minecraft:witch":1,"minecraft:sheep":10,"minecraft:skeleton":2,"minecraft:zombie":2,"minecraft:chicken":25,"minecraft:drowned":2,"minecraft:turtle":2,"minecraft:cow":5},"minecraft:mined":{"minecraft:dark_oak_planks":3,"minecraft:light_gray_carpet":1,"minecraft:spruce_planks":2,"minecraft:white_bed":3,"minecraft:glass_pane":1,"minecraft:kelp_plant":1,"minecraft:sea_lantern":1,"minecraft:crafting_table":8,"minecraft:torch":2,"minecraft:grass_block":2,"minecraft:chest":2,"minecraft:tall_grass":4,"minecraft:cobblestone":6,"minecraft:spruce_leaves":16,"minecraft:oak_planks":3,"minecraft:sandstone":4,"minecraft:wall_torch":4,"minecraft:large_fern":1,"minecraft:tall_seagrass":1,"minecraft:furnace":5,"minecraft:iron_ore":5,"minecraft:wheat":1,"minecraft:white_carpet":2,"minecraft:spruce_log":31,"minecraft:white_wall_banner":7,"minecraft:bell":1,"minecraft:grass":22,"minecraft:oak_log":35,"minecraft:coal_ore":143,"minecraft:vine":1,"minecraft:sand":33,"minecraft:gravel":5,"minecraft:dirt":4,"minecraft:stone":100,"minecraft:oak_leaves":7,"minecraft:fern":5}},"DataVersion":3465}