{"stats":{"minecraft:used":{"minecraft:cooked_mutton":2,"minecraft:stone_pickaxe":166,"minecraft:oak_planks":9,"minecraft:wooden_pickaxe":23,"minecraft:cooked_chicken":3,"minecraft:torch":19,"minecraft:dirt":6,"minecraft:crafting_table":5,"minecraft:white_bed":1,"minecraft:wooden_axe":14,"minecraft:stone_axe":136,"minecraft:furnace":4,"minecraft:cooked_beef":2},"minecraft:killed_by":{"minecraft:zombie":1},"minecraft:crafted":{"minecraft:cooked_beef":4,"minecraft:oak_planks":56,"minecraft:crafting_table":2,"minecraft:wooden_pickaxe":2,"minecraft:cooked_chicken":24,"minecraft:furnace":2,"minecraft:stone_axe":2,"minecraft:cooked_mutton":6,"minecraft:air":0,"minecraft:charcoal":1,"minecraft:stick":24,"minecraft:stone_pickaxe":3,"minecraft:wooden_axe":1,"minecraft:oak_button":7,"minecraft:torch":24},"minecraft:mined":{"minecraft:dark_oak_planks":2,"minecraft:white_bed":2,"minecraft:glass_pane":1,"minecraft:sea_lantern":1,"minecraft:crafting_table":5,"minecraft:torch":1,"minecraft:grass_block":1,"minecraft:chest":1,"minecraft:tall_grass":4,"minecraft:cobblestone":5,"minecraft:spruce_leaves":4,"minecraft:oak_planks":3,"minecraft:large_fern":1,"minecraft:furnace":3,"minecraft:wheat":1,"minecraft:iron_ore":2,"minecraft:white_wall_banner":7,"minecraft:bell":1,"minecraft:grass":20,"minecraft:oak_log":35,"minecraft:coal_ore":84,"minecraft:vine":1,"minecraft:gravel":5,"minecraft:dirt":4,"minecraft:stone":90,"minecraft:oak_leaves":7,"minecraft:fern":4},"minecraft:killed":{"minecraft:pig":2,"minecraft:sheep":6,"minecraft:skeleton":1,"minecraft:zombie":2,"minecraft:chicken":25,"minecraft:cow":5},"minecraft:dropped":{"minecraft:wheat_seeds":5,"minecraft:feather":1,"minecraft:oak_button":7,"minecraft:iron_chestplate":1,"minecraft:wooden_axe":1,"minecraft:wooden_pickaxe":2,"minecraft:fishing_rod":1,"minecraft:white_wool":1,"minecraft:spruce_sapling":1},"minecraft:picked_up":{"minecraft:crafting_table":5,"minecraft:feather":23,"minecraft:chicken":24,"minecraft:leather":3,"minecraft:potato":1,"minecraft:flint":1,"minecraft:oak_log":35,"minecraft:string":5,"minecraft:dirt":8,"minecraft:white_banner":5,"minecraft:raw_copper":5,"minecraft:bone":4,"minecraft:wheat_seeds":5,"minecraft:bell":1,"minecraft:beef":9,"minecraft:chest":1,"minecraft:oak_planks":3,"minecraft:egg":2,"minecraft:furnace":3,"minecraft:raw_iron":2,"minecraft:torch":3,"minecraft:gravel":4,"minecraft:porkchop":6,"minecraft:spruce_sapling":1,"minecraft:white_bed":2,"minecraft:dark_oak_planks":2,"minecraft:arrow":2,"minecraft:black_wool":1,"minecraft:mutton":10,"minecraft:coal":113,"minecraft:white_wool":5,"minecraft:cobblestone":98},"minecraft:custom":{"minecraft:interact_with_furnace":21,"minecraft:mob_kills":41,"minecraft:interact_with_crafting_table":18,"minecraft:leave_game":3,"minecraft:time_since_death":27409,"minecraft:sleep_in_bed":2,"minecraft:climb_one_cm":865,"minecraft:time_since_rest":3007,"minecraft:sprint_one_cm":106990,"minecraft:damage_taken":560,"minecraft:walk_one_cm":148956,"minecraft:drop":11,"minecraft:damage_dealt":3076,"minecraft:swim_one_cm":6681,"minecraft:fly_one_cm":200949,"minecraft:player_kills":1,"minecraft:open_chest":3,"minecraft:crouch_one_cm":9256,"minecraft:play_time":59873,"minecraft:deaths":1,"minecraft:sneak_time":2748,"minecraft:walk_under_water_one_cm":4378,"minecraft:boat_one_cm":132682,"minecraft:jump":1020,"minecraft:walk_on_water_one_cm":8046,"minecraft:total_world_time":59873,"minecraft:fall_one_cm":29901}},"DataVersion":3465}