{"stats":{"minecraft:used":{"minecraft:wooden_axe":14,"minecraft:stone_pickaxe":80,"minecraft:wooden_pickaxe":13,"minecraft:stone_axe":92,"minecraft:torch":15,"minecraft:dirt":6,"minecraft:crafting_table":3,"minecraft:furnace":3,"minecraft:cooked_beef":2},"minecraft:dropped":{"minecraft:wooden_axe":1,"minecraft:wooden_pickaxe":1},"minecraft:custom":{"minecraft:time_since_rest":20798,"minecraft:interact_with_furnace":10,"minecraft:sprint_one_cm":48154,"minecraft:damage_taken":158,"minecraft:walk_one_cm":54499,"minecraft:mob_kills":32,"minecraft:drop":2,"minecraft:damage_dealt":2014,"minecraft:swim_one_cm":1859,"minecraft:interact_with_crafting_table":7,"minecraft:fly_one_cm":83802,"minecraft:player_kills":1,"minecraft:crouch_one_cm":3037,"minecraft:play_time":20798,"minecraft:sneak_time":1255,"minecraft:walk_under_water_one_cm":1085,"minecraft:jump":407,"minecraft:leave_game":1,"minecraft:walk_on_water_one_cm":3292,"minecraft:time_since_death":20798,"minecraft:climb_one_cm":865,"minecraft:total_world_time":20798,"minecraft:fall_one_cm":10384},"minecraft:picked_up":{"minecraft:raw_iron":2,"minecraft:crafting_table":3,"minecraft:feather":22,"minecraft:chicken":22,"minecraft:leather":1,"minecraft:torch":1,"minecraft:gravel":4,"minecraft:porkchop":6,"minecraft:flint":1,"minecraft:oak_log":29,"minecraft:dirt":8,"minecraft:raw_copper":5,"minecraft:bone":2,"minecraft:arrow":2,"minecraft:wheat_seeds":4,"minecraft:beef":5,"minecraft:white_wool":2,"minecraft:mutton":4,"minecraft:black_wool":1,"minecraft:coal":53,"minecraft:egg":2,"minecraft:cobblestone":40,"minecraft:furnace":2},"minecraft:crafted":{"minecraft:cooked_beef":2,"minecraft:oak_planks":28,"minecraft:charcoal":1,"minecraft:crafting_table":1,"minecraft:stick":16,"minecraft:wooden_pickaxe":1,"minecraft:stone_pickaxe":2,"minecraft:wooden_axe":1,"minecraft:furnace":1,"minecraft:torch":16,"minecraft:stone_axe":1,"minecraft:air":0},"minecraft:mined":{"minecraft:furnace":2,"minecraft:iron_ore":2,"minecraft:crafting_table":3,"minecraft:grass":18,"minecraft:grass_block":1,"minecraft:coal_ore":52,"minecraft:oak_log":29,"minecraft:vine":1,"minecraft:gravel":5,"minecraft:dirt":4,"minecraft:stone":37,"minecraft:oak_leaves":6,"minecraft:fern":4},"minecraft:killed":{"minecraft:sheep":3,"minecraft:skeleton":1,"minecraft:pig":2,"minecraft:zombie":1,"minecraft:chicken":23,"minecraft:cow":2}},"DataVersion":3465}