{"stats":{"minecraft:used":{"minecraft:stone_pickaxe":159,"minecraft:oak_planks":2,"minecraft:wooden_pickaxe":23,"minecraft:cooked_chicken":3,"minecraft:torch":18,"minecraft:dirt":6,"minecraft:crafting_table":5,"minecraft:wooden_axe":14,"minecraft:stone_axe":114,"minecraft:furnace":4,"minecraft:cooked_beef":2},"minecraft:killed_by":{"minecraft:zombie":1},"minecraft:mined":{"minecraft:white_bed":2,"minecraft:glass_pane":1,"minecraft:crafting_table":5,"minecraft:torch":1,"minecraft:grass_block":1,"minecraft:tall_grass":4,"minecraft:cobblestone":1,"minecraft:furnace":3,"minecraft:iron_ore":2,"minecraft:bell":1,"minecraft:grass":20,"minecraft:oak_log":35,"minecraft:coal_ore":84,"minecraft:vine":1,"minecraft:gravel":5,"minecraft:dirt":4,"minecraft:stone":90,"minecraft:oak_leaves":7,"minecraft:fern":4},"minecraft:crafted":{"minecraft:cooked_beef":4,"minecraft:oak_planks":56,"minecraft:crafting_table":2,"minecraft:wooden_pickaxe":2,"minecraft:cooked_chicken":24,"minecraft:furnace":2,"minecraft:stone_axe":2,"minecraft:cooked_mutton":6,"minecraft:air":0,"minecraft:charcoal":1,"minecraft:stick":24,"minecraft:stone_pickaxe":3,"minecraft:wooden_axe":1,"minecraft:oak_button":7,"minecraft:torch":24},"minecraft:killed":{"minecraft:pig":2,"minecraft:sheep":4,"minecraft:skeleton":1,"minecraft:zombie":2,"minecraft:chicken":25,"minecraft:cow":3},"minecraft:dropped":{"minecraft:wheat_seeds":4,"minecraft:feather":1,"minecraft:oak_button":7,"minecraft:wooden_axe":1,"minecraft:wooden_pickaxe":2,"minecraft:white_wool":1},"minecraft:picked_up":{"minecraft:crafting_table":5,"minecraft:feather":23,"minecraft:chicken":24,"minecraft:leather":2,"minecraft:flint":1,"minecraft:oak_log":35,"minecraft:dirt":8,"minecraft:raw_copper":5,"minecraft:bone":4,"minecraft:wheat_seeds":4,"minecraft:bell":1,"minecraft:beef":7,"minecraft:egg":2,"minecraft:furnace":3,"minecraft:raw_iron":2,"minecraft:torch":3,"minecraft:gravel":4,"minecraft:porkchop":6,"minecraft:white_bed":2,"minecraft:arrow":2,"minecraft:black_wool":1,"minecraft:mutton":6,"minecraft:coal":113,"minecraft:white_wool":3,"minecraft:cobblestone":94},"minecraft:custom":{"minecraft:interact_with_furnace":21,"minecraft:mob_kills":37,"minecraft:interact_with_crafting_table":18,"minecraft:leave_game":3,"minecraft:time_since_death":15409,"minecraft:sleep_in_bed":1,"minecraft:climb_one_cm":865,"minecraft:time_since_rest":4746,"minecraft:sprint_one_cm":74752,"minecraft:damage_taken":458,"minecraft:walk_one_cm":107541,"minecraft:drop":7,"minecraft:damage_dealt":2593,"minecraft:swim_one_cm":5905,"minecraft:fly_one_cm":163289,"minecraft:player_kills":1,"minecraft:crouch_one_cm":5103,"minecraft:play_time":47873,"minecraft:deaths":1,"minecraft:sneak_time":1878,"minecraft:walk_under_water_one_cm":2197,"minecraft:boat_one_cm":45536,"minecraft:jump":775,"minecraft:walk_on_water_one_cm":4474,"minecraft:total_world_time":47873,"minecraft:fall_one_cm":23704}},"DataVersion":3465}