{"stats":{"minecraft:broken":{"minecraft:stone_pickaxe":1},"minecraft:crafted":{"minecraft:cooked_beef":17,"minecraft:oak_planks":40,"minecraft:cobblestone_slab":6,"minecraft:diamond_sword":1,"minecraft:cooked_porkchop":3,"minecraft:crafting_table":1,"minecraft:spruce_planks":124,"minecraft:wooden_pickaxe":1,"minecraft:baked_potato":34,"minecraft:stone_axe":1,"minecraft:cooked_mutton":9,"minecraft:air":0,"minecraft:diamond_helmet":1,"minecraft:diamond_leggings":1,"minecraft:diamond_pickaxe":1,"minecraft:stick":16,"minecraft:stone_pickaxe":1,"minecraft:stone_sword":1,"minecraft:chest":1,"minecraft:torch":16,"minecraft:cooked_rabbit":9,"minecraft:diamond_chestplate":1},"minecraft:dropped":{"minecraft:gravel":7,"minecraft:bread":2,"minecraft:baked_potato":3,"minecraft:oak_planks":4,"promenade:asphalt":8,"minecraft:coal":21,"minecraft:dirt":9,"thekatanasmod:stone_katana":1,"minecraft:wooden_axe":3,"minecraft:beetroot_seeds":2,"minecraft:oak_sapling":6,"minecraft:stone_bricks":4,"minecraft:wooden_pickaxe":1,"minecraft:iron_pickaxe":1,"minecraft:bucket":1,"minecraft:spruce_sapling":10},"minecraft:killed":{"minecraft:cave_spider":1,"minecraft:pig":2,"promenade:duck":1,"minecraft:salmon":2,"minecraft:spider":2,"minecraft:skeleton":4,"minecraft:zombie":6,"minecraft:player":3,"minecraft:cow":5},"minecraft:picked_up":{"minecraft:wooden_axe":3,"minecraft:crafting_table":1,"minecraft:wheat":4,"minecraft:chest_minecart":1,"thekatanasmod:stone_katana":1,"minecraft:stone_slab":1,"minecraft:wooden_pickaxe":2,"minecraft:potato":30,"minecraft:flint":1,"minecraft:tuff":8,"minecraft:oak_log":10,"minecraft:blue_bed":1,"minecraft:dirt":11,"minecraft:apple":16,"minecraft:stone_bricks":4,"minecraft:cobbled_deepslate":99,"minecraft:bucket":1,"minecraft:spruce_planks":35,"minecraft:iron_ingot":1,"minecraft:beef":14,"minecraft:cobblestone_slab":3,"minecraft:wooden_shovel":1,"minecraft:rabbit":5,"minecraft:melon_slice":5,"minecraft:oak_planks":4,"minecraft:iron_boots":1,"minecraft:stick":7,"minecraft:raw_iron":16,"minecraft:black_candle":1,"minecraft:cooked_porkchop":1,"promenade:asphalt":8,"minecraft:torch":12,"minecraft:gravel":7,"minecraft:spruce_sapling":16,"minecraft:carrot":10,"minecraft:spruce_log":32,"minecraft:redstone":9,"minecraft:diamond":29,"minecraft:oak_sapling":12,"minecraft:obsidian":24,"minecraft:coal":32,"minecraft:rail":1,"minecraft:cobblestone":281},"minecraft:mined":{"minecraft:tuff":8,"minecraft:spruce_planks":18,"minecraft:mossy_cobblestone":1,"minecraft:deepslate_diamond_ore":29,"minecraft:crafting_table":1,"minecraft:grass_block":2,"minecraft:stone_slab":1,"minecraft:cobblestone":5,"minecraft:spruce_leaves":2,"minecraft:wall_torch":4,"minecraft:blue_bed":1,"minecraft:red_stained_glass_pane":2,"minecraft:redstone_ore":2,"minecraft:iron_ore":10,"minecraft:cobbled_deepslate":8,"minecraft:blue_ice":2,"minecraft:spruce_log":1,"treechop:chopped_log":2,"minecraft:coal_ore":13,"minecraft:deepslate_iron_ore":3,"minecraft:cobblestone_slab":3,"minecraft:vine":4,"minecraft:gravel":2,"minecraft:dirt":8,"minecraft:packed_ice":1,"minecraft:cobweb":1,"minecraft:red_mushroom_block":1,"promenade:asphalt":8,"minecraft:stone":370,"minecraft:stone_bricks":2,"minecraft:deepslate":90},"minecraft:custom":{"minecraft:interact_with_furnace":14,"minecraft:mob_kills":23,"minecraft:interact_with_crafting_table":8,"minecraft:open_barrel":24,"minecraft:bell_ring":19,"minecraft:interact_with_grindstone":1,"minecraft:damage_dealt_resisted":216,"minecraft:eat_cake_slice":3,"minecraft:leave_game":4,"minecraft:time_since_death":112042,"minecraft:sleep_in_bed":3,"minecraft:climb_one_cm":3389,"minecraft:time_since_rest":91392,"minecraft:sprint_one_cm":253598,"minecraft:damage_taken":2091,"minecraft:walk_one_cm":598206,"minecraft:drop":32,"minecraft:damage_dealt":3256,"minecraft:damage_dealt_absorbed":87,"minecraft:swim_one_cm":17734,"minecraft:talked_to_villager":2,"minecraft:fly_one_cm":201143,"minecraft:player_kills":4,"minecraft:open_chest":34,"minecraft:crouch_one_cm":90174,"minecraft:play_time":112042,"minecraft:sneak_time":21917,"minecraft:walk_under_water_one_cm":22589,"minecraft:jump":1616,"minecraft:walk_on_water_one_cm":14295,"minecraft:interact_with_smoker":34,"minecraft:total_world_time":112042,"minecraft:fall_one_cm":41067},"minecraft:used":{"minecraft:cooked_mutton":8,"minecraft:stone_sword":56,"minecraft:stone_pickaxe":130,"minecraft:baked_potato":6,"minecraft:oak_planks":36,"minecraft:chest":1,"minecraft:spruce_planks":84,"minecraft:wooden_pickaxe":24,"minecraft:cobblestone_slab":8,"minecraft:blue_bed":1,"minecraft:torch":5,"minecraft:dirt":2,"minecraft:crafting_table":1,"minecraft:crossbow":3,"thekatanasmod:stone_katana":1,"minecraft:tuff":8,"minecraft:snowball":7,"minecraft:milk_bucket":1,"minecraft:wooden_axe":3,"minecraft:diamond_pickaxe":273,"minecraft:apple":22,"minecraft:lava_bucket":6,"minecraft:bread":4,"minecraft:iron_pickaxe":155,"minecraft:stone_axe":34,"minecraft:diamond_sword":12,"minecraft:cobblestone":130,"minecraft:cooked_rabbit":5,"minecraft:bucket":7,"minecraft:cobbled_deepslate":98}},"DataVersion":3465}