{"stats":{"minecraft:broken":{"minecraft:stone_pickaxe":1},"minecraft:crafted":{"minecraft:oak_planks":40,"minecraft:cobblestone_slab":6,"minecraft:flint_and_steel":1,"minecraft:cooked_mutton":9,"minecraft:diamond_helmet":1,"minecraft:diamond_leggings":1,"minecraft:stone_pickaxe":1,"minecraft:chest":1,"minecraft:cooked_rabbit":9,"minecraft:cooked_beef":17,"minecraft:diamond_sword":1,"minecraft:cooked_porkchop":3,"minecraft:crafting_table":2,"minecraft:spruce_planks":124,"minecraft:baked_potato":34,"minecraft:wooden_pickaxe":1,"minecraft:stone_axe":1,"minecraft:air":0,"minecraft:diamond_pickaxe":2,"minecraft:stick":20,"minecraft:stone_sword":1,"minecraft:torch":16,"minecraft:diamond_chestplate":1},"minecraft:dropped":{"minecraft:bread":2,"minecraft:baked_potato":3,"minecraft:jungle_fence":2,"minecraft:cobblestone":1,"minecraft:book":9,"minecraft:chest_minecart":2,"minecraft:jungle_planks":1,"minecraft:rail":2,"minecraft:coal":21,"paraglider:spirit_orb":1,"minecraft:stick":7,"minecraft:dirt":9,"minecraft:wooden_axe":3,"minecraft:iron_pickaxe":1,"minecraft:bucket":1,"minecraft:cyan_carpet":1,"minecraft:spruce_sapling":10,"minecraft:gravel":7,"minecraft:oak_planks":4,"promenade:asphalt":8,"minecraft:spruce_planks":25,"thekatanasmod:stone_katana":1,"minecraft:diamond_pickaxe":1,"minecraft:beetroot_seeds":2,"minecraft:oak_sapling":6,"minecraft:stone_bricks":4,"minecraft:wooden_pickaxe":1},"minecraft:killed":{"minecraft:cave_spider":8,"minecraft:witch":1,"promenade:duck":1,"minecraft:vindicator":2,"minecraft:spider":3,"minecraft:skeleton":7,"minecraft:parrot":1,"minecraft:pig":2,"minecraft:salmon":2,"minecraft:pillager":6,"minecraft:zombie":12,"minecraft:player":3,"minecraft:cow":5},"minecraft:picked_up":{"minecraft:wooden_axe":3,"minecraft:crafting_table":1,"minecraft:wheat":4,"minecraft:chest_minecart":2,"minecraft:stone_slab":1,"minecraft:wooden_pickaxe":2,"minecraft:string":38,"minecraft:red_candle":3,"minecraft:cyan_carpet":1,"minecraft:cobbled_deepslate":99,"minecraft:bucket":1,"minecraft:spruce_planks":35,"minecraft:beef":14,"minecraft:cobblestone_slab":3,"minecraft:wooden_shovel":1,"minecraft:spruce_slab":7,"minecraft:melon_slice":5,"minecraft:egg":1,"minecraft:iron_boots":1,"minecraft:raw_iron":18,"minecraft:stick":14,"promenade:asphalt":8,"minecraft:torch":32,"minecraft:cookie":4,"minecraft:carrot":10,"minecraft:redstone":9,"minecraft:jungle_stairs":1,"minecraft:obsidian":24,"minecraft:rail":2,"minecraft:cobblestone":371,"minecraft:basalt":4,"thekatanasmod:stone_katana":1,"minecraft:jungle_fence":2,"minecraft:potato":30,"paraglider:spirit_orb":5,"minecraft:flint":1,"minecraft:tuff":8,"minecraft:oak_log":10,"minecraft:cobblestone_stairs":1,"minecraft:dirt":18,"minecraft:blue_bed":1,"minecraft:orange_terracotta":1,"minecraft:apple":16,"minecraft:stone_bricks":4,"minecraft:wheat_seeds":1,"minecraft:iron_ingot":1,"minecraft:rabbit":5,"minecraft:oak_planks":4,"minecraft:book":9,"minecraft:black_candle":1,"minecraft:cooked_porkchop":1,"minecraft:jungle_planks":1,"minecraft:gravel":7,"minecraft:spruce_sapling":16,"minecraft:spruce_log":32,"minecraft:mossy_cobblestone":10,"minecraft:diamond":29,"minecraft:oak_sapling":12,"minecraft:coal":37},"minecraft:mined":{"minecraft:tuff":10,"minecraft:spruce_planks":20,"minecraft:mossy_cobblestone":13,"minecraft:deepslate_diamond_ore":29,"minecraft:cobblestone_stairs":1,"minecraft:jungle_leaves":11,"minecraft:smooth_red_sandstone_stairs":6,"minecraft:grass_block":3,"minecraft:jungle_planks":1,"minecraft:redstone_wire":1,"minecraft:deepslate_bricks":1,"minecraft:spruce_leaves":2,"minecraft:red_stained_glass_pane":2,"minecraft:spawner":1,"minecraft:redstone_ore":2,"minecraft:mossy_cobblestone_slab":1,"minecraft:fire":2,"minecraft:red_sandstone":1,"minecraft:iron_ore":10,"minecraft:sticky_piston":1,"minecraft:cobbled_deepslate":9,"treechop:chopped_log":2,"minecraft:smooth_red_sandstone":2,"minecraft:bookshelf":14,"minecraft:cobblestone_slab":3,"minecraft:deepslate_iron_ore":3,"minecraft:vine":4,"minecraft:packed_ice":1,"minecraft:stone":438,"minecraft:tripwire":7,"promenade:blunite":1,"minecraft:magenta_stained_glass":1,"minecraft:orange_terracotta":1,"minecraft:basalt":4,"minecraft:crafting_table":1,"minecraft:torch":5,"minecraft:jungle_stairs":3,"minecraft:calcite":2,"minecraft:stone_slab":1,"minecraft:tall_grass":2,"minecraft:cobblestone":18,"minecraft:blue_bed":1,"minecraft:wall_torch":21,"minecraft:purple_stained_glass":3,"minecraft:blue_ice":2,"minecraft:spruce_log":1,"minecraft:jungle_fence":3,"minecraft:grass":1,"minecraft:red_sandstone_wall":1,"minecraft:coal_ore":17,"minecraft:gravel":2,"minecraft:cyan_carpet":1,"minecraft:dirt":9,"minecraft:cobweb":30,"minecraft:smooth_basalt":8,"minecraft:red_mushroom_block":1,"minecraft:stone_bricks":2,"promenade:asphalt":8,"minecraft:deepslate":94},"minecraft:custom":{"minecraft:interact_with_anvil":1,"minecraft:mob_kills":55,"minecraft:interact_with_crafting_table":9,"minecraft:open_barrel":37,"minecraft:bell_ring":31,"minecraft:damage_dealt_resisted":216,"minecraft:eat_cake_slice":3,"minecraft:leave_game":5,"minecraft:time_since_death":225205,"minecraft:climb_one_cm":37369,"minecraft:sprint_one_cm":638142,"minecraft:walk_one_cm":1199706,"minecraft:drop":59,"minecraft:damage_dealt_absorbed":87,"minecraft:talked_to_villager":18,"minecraft:play_time":225205,"minecraft:sneak_time":33396,"minecraft:walk_under_water_one_cm":37452,"minecraft:boat_one_cm":245305,"minecraft:jump":3879,"minecraft:walk_on_water_one_cm":31437,"minecraft:total_world_time":225205,"minecraft:interact_with_furnace":14,"minecraft:interact_with_grindstone":1,"minecraft:sleep_in_bed":5,"minecraft:time_since_rest":25951,"minecraft:damage_taken":4492,"minecraft:damage_dealt":8029,"minecraft:swim_one_cm":57933,"minecraft:fly_one_cm":615711,"minecraft:player_kills":4,"minecraft:open_chest":154,"minecraft:crouch_one_cm":134689,"minecraft:interact_with_smoker":34,"minecraft:fall_one_cm":120142},"minecraft:used":{"minecraft:stone_sword":56,"minecraft:flint_and_steel":1,"minecraft:spruce_planks":84,"minecraft:chest":1,"minecraft:torch":30,"minecraft:dirt":2,"minecraft:carrot":28,"thekatanasmod:stone_katana":1,"minecraft:tuff":8,"minecraft:snowball":7,"minecraft:milk_bucket":1,"minecraft:wooden_axe":3,"minecraft:lava_bucket":11,"minecraft:basalt":4,"minecraft:goat_horn":14,"minecraft:cooked_beef":17,"minecraft:cobbled_deepslate":98,"minecraft:cooked_mutton":9,"minecraft:water_bucket":2,"minecraft:stone_pickaxe":130,"minecraft:baked_potato":6,"minecraft:oak_planks":36,"minecraft:wooden_pickaxe":24,"minecraft:blue_bed":1,"minecraft:cobblestone_slab":8,"minecraft:crafting_table":2,"minecraft:crossbow":3,"minecraft:diamond_pickaxe":429,"minecraft:apple":22,"minecraft:bread":5,"minecraft:string":2,"minecraft:iron_pickaxe":155,"minecraft:jungle_stairs":1,"minecraft:stone_axe":61,"minecraft:diamond_sword":123,"minecraft:cobblestone":346,"minecraft:cooked_porkchop":4,"minecraft:cooked_rabbit":9,"minecraft:bucket":14,"minecraft:experience_bottle":3}},"DataVersion":3465}