{"stats":{"minecraft:crafted":{"minecraft:oak_planks":40,"minecraft:cobblestone_slab":6,"minecraft:cooked_porkchop":3,"minecraft:crafting_table":1,"minecraft:spruce_planks":124,"minecraft:wooden_pickaxe":1,"minecraft:baked_potato":9,"minecraft:stone_axe":1,"minecraft:cooked_mutton":6,"minecraft:air":0,"minecraft:stick":8,"minecraft:stone_pickaxe":1,"minecraft:stone_sword":1,"minecraft:chest":1},"minecraft:dropped":{"minecraft:bread":2,"minecraft:baked_potato":3,"minecraft:oak_planks":4,"minecraft:coal":21,"thekatanasmod:stone_katana":1,"minecraft:wooden_axe":3,"minecraft:beetroot_seeds":2,"minecraft:oak_sapling":6,"minecraft:stone_bricks":4,"minecraft:wooden_pickaxe":1,"minecraft:bucket":1,"minecraft:spruce_sapling":10},"minecraft:killed":{"minecraft:pig":2,"promenade:duck":1,"minecraft:spider":2,"minecraft:zombie":6,"minecraft:player":3,"minecraft:cow":5},"minecraft:picked_up":{"minecraft:wooden_axe":3,"minecraft:crafting_table":1,"minecraft:wheat":4,"thekatanasmod:stone_katana":1,"minecraft:wooden_pickaxe":2,"minecraft:potato":30,"minecraft:oak_log":10,"minecraft:blue_bed":1,"minecraft:apple":16,"minecraft:stone_bricks":4,"minecraft:cobbled_deepslate":1,"minecraft:bucket":1,"minecraft:spruce_planks":19,"minecraft:beef":14,"minecraft:iron_ingot":1,"minecraft:cobblestone_slab":3,"minecraft:wooden_shovel":1,"minecraft:rabbit":5,"minecraft:melon_slice":5,"minecraft:oak_planks":4,"minecraft:iron_boots":1,"minecraft:stick":7,"minecraft:raw_iron":10,"minecraft:black_candle":1,"minecraft:cooked_porkchop":1,"minecraft:spruce_sapling":16,"minecraft:carrot":10,"minecraft:spruce_log":32,"minecraft:diamond":3,"minecraft:oak_sapling":12,"minecraft:obsidian":24,"minecraft:coal":19,"minecraft:cobblestone":46},"minecraft:mined":{"minecraft:spruce_planks":2,"minecraft:deepslate_diamond_ore":3,"minecraft:crafting_table":1,"minecraft:grass_block":1,"minecraft:cobblestone":4,"minecraft:spruce_leaves":2,"minecraft:blue_bed":1,"minecraft:red_stained_glass_pane":2,"minecraft:iron_ore":7,"minecraft:blue_ice":2,"minecraft:spruce_log":1,"treechop:chopped_log":2,"minecraft:cobblestone_slab":3,"minecraft:packed_ice":1,"minecraft:stone":28,"minecraft:stone_bricks":2,"minecraft:deepslate":1},"minecraft:custom":{"minecraft:interact_with_furnace":14,"minecraft:mob_kills":16,"minecraft:interact_with_crafting_table":6,"minecraft:bell_ring":19,"minecraft:eat_cake_slice":3,"minecraft:leave_game":3,"minecraft:time_since_death":58118,"minecraft:sleep_in_bed":3,"minecraft:climb_one_cm":1666,"minecraft:time_since_rest":37468,"minecraft:sprint_one_cm":138979,"minecraft:damage_taken":949,"minecraft:walk_one_cm":423203,"minecraft:drop":28,"minecraft:damage_dealt":2327,"minecraft:talked_to_villager":2,"minecraft:swim_one_cm":4004,"minecraft:fly_one_cm":101011,"minecraft:player_kills":4,"minecraft:open_chest":29,"minecraft:crouch_one_cm":41509,"minecraft:play_time":58118,"minecraft:sneak_time":7828,"minecraft:walk_under_water_one_cm":11327,"minecraft:jump":682,"minecraft:walk_on_water_one_cm":3880,"minecraft:total_world_time":58118,"minecraft:interact_with_smoker":19,"minecraft:fall_one_cm":19256},"minecraft:used":{"minecraft:cooked_mutton":5,"minecraft:stone_sword":46,"minecraft:stone_pickaxe":25,"minecraft:baked_potato":6,"minecraft:oak_planks":36,"minecraft:chest":1,"minecraft:spruce_planks":21,"minecraft:wooden_pickaxe":24,"minecraft:blue_bed":1,"minecraft:cobblestone_slab":8,"minecraft:crafting_table":1,"minecraft:crossbow":3,"thekatanasmod:stone_katana":1,"minecraft:snowball":7,"minecraft:milk_bucket":1,"minecraft:wooden_axe":3,"minecraft:apple":1,"minecraft:lava_bucket":1,"minecraft:bread":4,"minecraft:iron_pickaxe":9,"minecraft:stone_axe":18,"minecraft:cobblestone":23,"minecraft:bucket":2}},"DataVersion":3465}