{"stats":{"minecraft:picked_up":{"minecraft:cocoa_beans":1,"minecraft:jungle_log":5,"minecraft:dirt":1,"minecraft:wheat_seeds":1,"minecraft:jungle_sapling":1,"minecraft:oak_sapling":1,"minecraft:mutton":3,"minecraft:white_wool":2,"minecraft:cobblestone":23},"minecraft:dropped":{"minecraft:wheat_seeds":1},"minecraft:killed":{"minecraft:sheep":2},"minecraft:used":{"minecraft:stone_pickaxe":12,"minecraft:wooden_pickaxe":12,"minecraft:crafting_table":1,"minecraft:furnace":1},"minecraft:custom":{"minecraft:time_since_rest":4520,"minecraft:interact_with_furnace":1,"minecraft:sprint_one_cm":8645,"minecraft:damage_taken":173,"minecraft:walk_one_cm":13250,"minecraft:mob_kills":2,"minecraft:drop":1,"minecraft:damage_dealt":200,"minecraft:swim_one_cm":4820,"minecraft:interact_with_crafting_table":3,"minecraft:fly_one_cm":10992,"minecraft:play_time":4520,"minecraft:sneak_time":110,"minecraft:walk_under_water_one_cm":313,"minecraft:jump":74,"minecraft:leave_game":1,"minecraft:time_since_death":4520,"minecraft:walk_on_water_one_cm":805,"minecraft:climb_one_cm":575,"minecraft:total_world_time":4520,"minecraft:fall_one_cm":1846},"minecraft:mined":{"minecraft:jungle_leaves":2,"minecraft:grass":4,"minecraft:vine":3,"minecraft:jungle_log":5,"minecraft:dirt":1,"minecraft:stone":23,"minecraft:fern":2},"minecraft:crafted":{"minecraft:crafting_table":1,"minecraft:stick":4,"minecraft:wooden_pickaxe":1,"minecraft:stone_pickaxe":1,"minecraft:furnace":1,"minecraft:jungle_planks":20}},"DataVersion":3465}