{"stats":{"minecraft:crafted":{"minecraft:oak_planks":40,"minecraft:crafting_table":1,"minecraft:baked_potato":9,"minecraft:spruce_planks":16,"minecraft:stick":8,"minecraft:wooden_pickaxe":1,"minecraft:stone_pickaxe":1,"minecraft:stone_sword":1,"minecraft:stone_axe":1,"minecraft:air":0},"minecraft:dropped":{"minecraft:bread":2,"minecraft:baked_potato":3,"minecraft:wooden_axe":2,"minecraft:beetroot_seeds":2,"minecraft:oak_sapling":6,"minecraft:oak_planks":4,"minecraft:wooden_pickaxe":1,"minecraft:spruce_sapling":6},"minecraft:killed":{"minecraft:zombie":3,"minecraft:pig":2,"promenade:duck":1,"minecraft:player":3,"minecraft:cow":5},"minecraft:picked_up":{"minecraft:wooden_axe":2,"minecraft:black_candle":1,"minecraft:crafting_table":1,"minecraft:stick":5,"minecraft:raw_iron":7,"minecraft:wooden_pickaxe":2,"minecraft:potato":8,"minecraft:oak_log":10,"minecraft:spruce_sapling":12,"minecraft:spruce_log":32,"minecraft:blue_bed":1,"minecraft:stone_bricks":2,"minecraft:iron_ingot":1,"minecraft:wooden_shovel":1,"minecraft:coal":4,"minecraft:oak_sapling":12,"minecraft:oak_planks":4,"minecraft:obsidian":3,"minecraft:cobblestone":39,"minecraft:iron_boots":1},"minecraft:mined":{"minecraft:iron_ore":7,"minecraft:blue_ice":2,"minecraft:spruce_log":1,"treechop:chopped_log":2,"minecraft:crafting_table":1,"minecraft:grass_block":1,"minecraft:packed_ice":1,"minecraft:cobblestone":1,"minecraft:stone_bricks":2,"minecraft:spruce_leaves":2,"minecraft:stone":28,"minecraft:blue_bed":1,"minecraft:red_stained_glass_pane":2},"minecraft:custom":{"minecraft:time_since_rest":13468,"minecraft:interact_with_furnace":14,"minecraft:sprint_one_cm":75312,"minecraft:damage_taken":444,"minecraft:walk_one_cm":287451,"minecraft:mob_kills":11,"minecraft:drop":21,"minecraft:damage_dealt":1517,"minecraft:swim_one_cm":4004,"minecraft:player_kills":4,"minecraft:talked_to_villager":2,"minecraft:interact_with_crafting_table":4,"minecraft:fly_one_cm":51967,"minecraft:open_chest":25,"minecraft:crouch_one_cm":9511,"minecraft:play_time":34118,"minecraft:bell_ring":19,"minecraft:sneak_time":1906,"minecraft:walk_under_water_one_cm":1250,"minecraft:jump":375,"minecraft:eat_cake_slice":3,"minecraft:walk_on_water_one_cm":189,"minecraft:leave_game":3,"minecraft:time_since_death":34118,"minecraft:sleep_in_bed":3,"minecraft:interact_with_smoker":7,"minecraft:total_world_time":34118,"minecraft:fall_one_cm":12670},"minecraft:used":{"minecraft:wooden_axe":3,"minecraft:stone_sword":31,"minecraft:stone_pickaxe":19,"minecraft:bread":4,"minecraft:baked_potato":3,"minecraft:oak_planks":7,"minecraft:wooden_pickaxe":24,"minecraft:stone_axe":16,"minecraft:cobblestone":7,"minecraft:crafting_table":1,"minecraft:snowball":7}},"DataVersion":3465}