{"stats":{"minecraft:crafted":{"minecraft:cooked_beef":17,"minecraft:oak_planks":40,"minecraft:cobblestone_slab":6,"minecraft:diamond_sword":1,"minecraft:cooked_porkchop":3,"minecraft:crafting_table":1,"minecraft:spruce_planks":124,"minecraft:wooden_pickaxe":1,"minecraft:baked_potato":34,"minecraft:stone_axe":1,"minecraft:cooked_mutton":9,"minecraft:air":0,"minecraft:diamond_helmet":1,"minecraft:diamond_leggings":1,"minecraft:diamond_pickaxe":1,"minecraft:stick":12,"minecraft:stone_pickaxe":1,"minecraft:stone_sword":1,"minecraft:chest":1,"minecraft:cooked_rabbit":9,"minecraft:diamond_chestplate":1},"minecraft:dropped":{"minecraft:bread":2,"minecraft:baked_potato":3,"minecraft:oak_planks":4,"minecraft:coal":21,"thekatanasmod:stone_katana":1,"minecraft:wooden_axe":3,"minecraft:beetroot_seeds":2,"minecraft:oak_sapling":6,"minecraft:stone_bricks":4,"minecraft:wooden_pickaxe":1,"minecraft:bucket":1,"minecraft:spruce_sapling":10},"minecraft:killed":{"minecraft:pig":2,"promenade:duck":1,"minecraft:salmon":2,"minecraft:spider":2,"minecraft:skeleton":3,"minecraft:zombie":6,"minecraft:player":3,"minecraft:cow":5},"minecraft:picked_up":{"minecraft:wooden_axe":3,"minecraft:crafting_table":1,"minecraft:wheat":4,"thekatanasmod:stone_katana":1,"minecraft:stone_slab":1,"minecraft:wooden_pickaxe":2,"minecraft:potato":30,"minecraft:flint":1,"minecraft:tuff":8,"minecraft:oak_log":10,"minecraft:blue_bed":1,"minecraft:dirt":5,"minecraft:apple":16,"minecraft:stone_bricks":4,"minecraft:cobbled_deepslate":79,"minecraft:bucket":1,"minecraft:spruce_planks":32,"minecraft:iron_ingot":1,"minecraft:beef":14,"minecraft:cobblestone_slab":3,"minecraft:wooden_shovel":1,"minecraft:rabbit":5,"minecraft:melon_slice":5,"minecraft:oak_planks":4,"minecraft:iron_boots":1,"minecraft:stick":7,"minecraft:raw_iron":10,"minecraft:black_candle":1,"minecraft:cooked_porkchop":1,"minecraft:spruce_sapling":16,"minecraft:carrot":10,"minecraft:spruce_log":32,"minecraft:redstone":9,"minecraft:diamond":28,"minecraft:oak_sapling":12,"minecraft:obsidian":24,"minecraft:coal":21,"minecraft:cobblestone":153},"minecraft:mined":{"minecraft:tuff":8,"minecraft:spruce_planks":15,"minecraft:deepslate_diamond_ore":28,"minecraft:crafting_table":1,"minecraft:grass_block":2,"minecraft:stone_slab":1,"minecraft:cobblestone":4,"minecraft:spruce_leaves":2,"minecraft:blue_bed":1,"minecraft:red_stained_glass_pane":2,"minecraft:redstone_ore":2,"minecraft:iron_ore":7,"minecraft:cobbled_deepslate":8,"minecraft:blue_ice":2,"minecraft:spruce_log":1,"treechop:chopped_log":2,"minecraft:coal_ore":2,"minecraft:cobblestone_slab":3,"minecraft:vine":4,"minecraft:gravel":1,"minecraft:dirt":2,"minecraft:packed_ice":1,"minecraft:stone":136,"minecraft:stone_bricks":2,"minecraft:deepslate":66},"minecraft:custom":{"minecraft:interact_with_furnace":14,"minecraft:mob_kills":21,"minecraft:interact_with_crafting_table":8,"minecraft:bell_ring":19,"minecraft:eat_cake_slice":3,"minecraft:leave_game":4,"minecraft:time_since_death":88042,"minecraft:sleep_in_bed":3,"minecraft:climb_one_cm":3031,"minecraft:time_since_rest":67392,"minecraft:sprint_one_cm":216092,"minecraft:damage_taken":1725,"minecraft:walk_one_cm":507099,"minecraft:drop":28,"minecraft:damage_dealt":2917,"minecraft:swim_one_cm":11242,"minecraft:talked_to_villager":2,"minecraft:fly_one_cm":182663,"minecraft:player_kills":4,"minecraft:open_chest":34,"minecraft:crouch_one_cm":61288,"minecraft:play_time":88042,"minecraft:sneak_time":13693,"minecraft:walk_under_water_one_cm":20787,"minecraft:jump":1372,"minecraft:walk_on_water_one_cm":11506,"minecraft:interact_with_smoker":34,"minecraft:total_world_time":88042,"minecraft:fall_one_cm":32240},"minecraft:used":{"minecraft:cooked_mutton":7,"minecraft:stone_sword":56,"minecraft:stone_pickaxe":106,"minecraft:baked_potato":6,"minecraft:oak_planks":36,"minecraft:chest":1,"minecraft:spruce_planks":64,"minecraft:wooden_pickaxe":24,"minecraft:cobblestone_slab":8,"minecraft:blue_bed":1,"minecraft:dirt":2,"minecraft:crafting_table":1,"minecraft:crossbow":3,"thekatanasmod:stone_katana":1,"minecraft:tuff":8,"minecraft:snowball":7,"minecraft:milk_bucket":1,"minecraft:wooden_axe":3,"minecraft:apple":22,"minecraft:lava_bucket":4,"minecraft:bread":4,"minecraft:iron_pickaxe":155,"minecraft:stone_axe":31,"minecraft:diamond_sword":2,"minecraft:cobblestone":129,"minecraft:bucket":5,"minecraft:cobbled_deepslate":78}},"DataVersion":3465}