{"stats":{"minecraft:crafted":{"minecraft:crafting_table":1,"minecraft:spruce_planks":16,"minecraft:stick":8,"minecraft:wooden_pickaxe":1,"minecraft:stone_pickaxe":1,"minecraft:stone_sword":1,"minecraft:stone_axe":1},"minecraft:dropped":{"minecraft:bread":2,"minecraft:wooden_axe":1,"minecraft:beetroot_seeds":2,"minecraft:oak_sapling":6,"minecraft:oak_planks":4,"minecraft:spruce_sapling":6},"minecraft:killed":{"minecraft:pig":1,"promenade:duck":1,"minecraft:player":2,"minecraft:cow":5},"minecraft:picked_up":{"minecraft:wooden_axe":2,"minecraft:crafting_table":1,"minecraft:stick":5,"minecraft:raw_iron":7,"minecraft:wooden_pickaxe":1,"minecraft:potato":7,"minecraft:spruce_sapling":6,"minecraft:spruce_log":25,"minecraft:blue_bed":1,"minecraft:wooden_shovel":1,"minecraft:oak_sapling":6,"minecraft:oak_planks":4,"minecraft:obsidian":3,"minecraft:cobblestone":38,"minecraft:iron_boots":1},"minecraft:mined":{"minecraft:iron_ore":7,"minecraft:blue_ice":1,"minecraft:spruce_log":1,"treechop:chopped_log":2,"minecraft:crafting_table":1,"minecraft:grass_block":1,"minecraft:spruce_leaves":1,"minecraft:stone":28,"minecraft:blue_bed":1},"minecraft:custom":{"minecraft:time_since_rest":1468,"minecraft:interact_with_furnace":2,"minecraft:sprint_one_cm":56274,"minecraft:damage_taken":237,"minecraft:walk_one_cm":174351,"minecraft:mob_kills":7,"minecraft:drop":17,"minecraft:damage_dealt":742,"minecraft:player_kills":2,"minecraft:talked_to_villager":2,"minecraft:interact_with_crafting_table":4,"minecraft:fly_one_cm":40323,"minecraft:open_chest":15,"minecraft:crouch_one_cm":4107,"minecraft:play_time":22118,"minecraft:bell_ring":19,"minecraft:sneak_time":1252,"minecraft:jump":308,"minecraft:leave_game":3,"minecraft:time_since_death":22118,"minecraft:sleep_in_bed":3,"minecraft:interact_with_smoker":7,"minecraft:total_world_time":22118,"minecraft:fall_one_cm":10151},"minecraft:used":{"minecraft:wooden_axe":2,"minecraft:stone_sword":12,"minecraft:stone_pickaxe":15,"minecraft:bread":4,"minecraft:wooden_pickaxe":24,"minecraft:stone_axe":14,"minecraft:crafting_table":1,"minecraft:snowball":7}},"DataVersion":3465}