{"stats":{"minecraft:crafted":{"minecraft:crafting_table":1,"minecraft:spruce_planks":16,"minecraft:stick":4,"minecraft:wooden_pickaxe":1},"minecraft:picked_up":{"minecraft:crafting_table":1,"minecraft:spruce_log":4,"minecraft:blue_bed":1},"minecraft:mined":{"minecraft:grass_block":1,"minecraft:spruce_leaves":1,"treechop:chopped_log":1,"minecraft:blue_bed":1,"minecraft:crafting_table":1},"minecraft:used":{"minecraft:crafting_table":1,"minecraft:wooden_pickaxe":3,"minecraft:snowball":3},"minecraft:custom":{"minecraft:open_chest":3,"minecraft:time_since_rest":6374,"minecraft:crouch_one_cm":584,"minecraft:interact_with_furnace":1,"minecraft:play_time":6374,"minecraft:sprint_one_cm":33990,"minecraft:damage_taken":10,"minecraft:walk_one_cm":61253,"minecraft:bell_ring":19,"minecraft:sneak_time":43,"minecraft:jump":62,"minecraft:damage_dealt":10,"minecraft:leave_game":2,"minecraft:time_since_death":6374,"minecraft:interact_with_smoker":7,"minecraft:total_world_time":6374,"minecraft:fall_one_cm":1916,"minecraft:interact_with_crafting_table":2,"minecraft:fly_one_cm":15423}},"DataVersion":3465}