{"stats":{"minecraft:broken":{"minecraft:stone_pickaxe":1},"minecraft:crafted":{"minecraft:oak_planks":40,"minecraft:cobblestone_slab":6,"minecraft:cooked_mutton":9,"minecraft:diamond_helmet":1,"minecraft:diamond_leggings":1,"minecraft:stone_pickaxe":1,"minecraft:chest":1,"minecraft:cooked_rabbit":9,"minecraft:cooked_beef":17,"minecraft:diamond_sword":1,"minecraft:cooked_porkchop":3,"minecraft:crafting_table":2,"minecraft:spruce_planks":124,"minecraft:baked_potato":34,"minecraft:wooden_pickaxe":1,"minecraft:stone_axe":1,"minecraft:air":0,"minecraft:diamond_pickaxe":2,"minecraft:stick":20,"minecraft:stone_sword":1,"minecraft:torch":16,"minecraft:diamond_chestplate":1},"minecraft:dropped":{"minecraft:bread":2,"minecraft:baked_potato":3,"minecraft:jungle_fence":2,"minecraft:book":6,"minecraft:chest_minecart":2,"minecraft:jungle_planks":1,"minecraft:rail":2,"minecraft:coal":21,"paraglider:spirit_orb":1,"minecraft:stick":2,"minecraft:dirt":9,"minecraft:wooden_axe":3,"minecraft:iron_pickaxe":1,"minecraft:bucket":1,"minecraft:cyan_carpet":1,"minecraft:spruce_sapling":10,"minecraft:gravel":7,"minecraft:oak_planks":4,"promenade:asphalt":8,"thekatanasmod:stone_katana":1,"minecraft:diamond_pickaxe":1,"minecraft:beetroot_seeds":2,"minecraft:oak_sapling":6,"minecraft:stone_bricks":4,"minecraft:wooden_pickaxe":1},"minecraft:killed":{"minecraft:cave_spider":8,"promenade:duck":1,"minecraft:spider":2,"minecraft:skeleton":5,"minecraft:pig":2,"minecraft:salmon":2,"minecraft:zombie":6,"minecraft:player":3,"minecraft:cow":5},"minecraft:picked_up":{"minecraft:wooden_axe":3,"minecraft:crafting_table":1,"minecraft:wheat":4,"minecraft:chest_minecart":2,"minecraft:stone_slab":1,"minecraft:wooden_pickaxe":2,"minecraft:string":38,"minecraft:cyan_carpet":1,"minecraft:cobbled_deepslate":99,"minecraft:bucket":1,"minecraft:spruce_planks":35,"minecraft:beef":14,"minecraft:cobblestone_slab":3,"minecraft:wooden_shovel":1,"minecraft:melon_slice":5,"minecraft:egg":1,"minecraft:iron_boots":1,"minecraft:raw_iron":16,"minecraft:stick":9,"promenade:asphalt":8,"minecraft:torch":19,"minecraft:carrot":10,"minecraft:redstone":9,"minecraft:obsidian":24,"minecraft:rail":2,"minecraft:cobblestone":367,"minecraft:basalt":4,"thekatanasmod:stone_katana":1,"minecraft:jungle_fence":2,"minecraft:potato":30,"paraglider:spirit_orb":5,"minecraft:flint":1,"minecraft:tuff":8,"minecraft:oak_log":10,"minecraft:cobblestone_stairs":1,"minecraft:dirt":18,"minecraft:blue_bed":1,"minecraft:apple":16,"minecraft:stone_bricks":4,"minecraft:iron_ingot":1,"minecraft:rabbit":5,"minecraft:oak_planks":4,"minecraft:book":6,"minecraft:black_candle":1,"minecraft:cooked_porkchop":1,"minecraft:jungle_planks":1,"minecraft:gravel":7,"minecraft:spruce_sapling":16,"minecraft:spruce_log":32,"minecraft:mossy_cobblestone":10,"minecraft:diamond":29,"minecraft:oak_sapling":12,"minecraft:coal":37},"minecraft:mined":{"minecraft:tuff":8,"minecraft:spruce_planks":18,"minecraft:mossy_cobblestone":13,"minecraft:deepslate_diamond_ore":29,"minecraft:cobblestone_stairs":1,"minecraft:jungle_leaves":11,"minecraft:grass_block":3,"minecraft:jungle_planks":1,"minecraft:redstone_wire":1,"minecraft:spruce_leaves":2,"minecraft:red_stained_glass_pane":2,"minecraft:spawner":1,"minecraft:redstone_ore":2,"minecraft:mossy_cobblestone_slab":1,"minecraft:iron_ore":10,"minecraft:sticky_piston":1,"minecraft:cobbled_deepslate":8,"treechop:chopped_log":2,"minecraft:bookshelf":12,"minecraft:cobblestone_slab":3,"minecraft:deepslate_iron_ore":3,"minecraft:vine":4,"minecraft:packed_ice":1,"minecraft:stone":438,"minecraft:tripwire":7,"promenade:blunite":1,"minecraft:basalt":4,"minecraft:crafting_table":1,"minecraft:torch":4,"minecraft:jungle_stairs":2,"minecraft:stone_slab":1,"minecraft:tall_grass":1,"minecraft:cobblestone":15,"minecraft:blue_bed":1,"minecraft:wall_torch":7,"minecraft:blue_ice":2,"minecraft:spruce_log":1,"minecraft:jungle_fence":2,"minecraft:grass":1,"minecraft:coal_ore":17,"minecraft:gravel":2,"minecraft:cyan_carpet":1,"minecraft:dirt":8,"minecraft:cobweb":30,"minecraft:red_mushroom_block":1,"minecraft:stone_bricks":2,"promenade:asphalt":8,"minecraft:deepslate":90},"minecraft:custom":{"minecraft:interact_with_anvil":1,"minecraft:mob_kills":31,"minecraft:interact_with_crafting_table":9,"minecraft:open_barrel":28,"minecraft:bell_ring":31,"minecraft:damage_dealt_resisted":216,"minecraft:eat_cake_slice":3,"minecraft:leave_game":4,"minecraft:time_since_death":184042,"minecraft:climb_one_cm":25185,"minecraft:sprint_one_cm":502350,"minecraft:walk_one_cm":946395,"minecraft:drop":49,"minecraft:damage_dealt_absorbed":87,"minecraft:talked_to_villager":2,"minecraft:play_time":184042,"minecraft:sneak_time":30201,"minecraft:walk_under_water_one_cm":29789,"minecraft:boat_one_cm":192031,"minecraft:jump":3000,"minecraft:walk_on_water_one_cm":24460,"minecraft:total_world_time":184042,"minecraft:interact_with_furnace":14,"minecraft:interact_with_grindstone":1,"minecraft:sleep_in_bed":4,"minecraft:time_since_rest":24768,"minecraft:damage_taken":3435,"minecraft:damage_dealt":4449,"minecraft:swim_one_cm":47457,"minecraft:fly_one_cm":455638,"minecraft:player_kills":4,"minecraft:open_chest":96,"minecraft:crouch_one_cm":122761,"minecraft:interact_with_smoker":34,"minecraft:fall_one_cm":85598},"minecraft:used":{"minecraft:stone_sword":56,"minecraft:spruce_planks":84,"minecraft:chest":1,"minecraft:torch":13,"minecraft:dirt":2,"minecraft:carrot":28,"thekatanasmod:stone_katana":1,"minecraft:tuff":8,"minecraft:snowball":7,"minecraft:milk_bucket":1,"minecraft:wooden_axe":3,"minecraft:lava_bucket":8,"minecraft:basalt":4,"minecraft:cooked_beef":6,"minecraft:cobbled_deepslate":98,"minecraft:cooked_mutton":9,"minecraft:stone_pickaxe":130,"minecraft:baked_potato":6,"minecraft:oak_planks":36,"minecraft:wooden_pickaxe":24,"minecraft:blue_bed":1,"minecraft:cobblestone_slab":8,"minecraft:crafting_table":2,"minecraft:crossbow":3,"minecraft:diamond_pickaxe":390,"minecraft:apple":22,"minecraft:bread":4,"minecraft:string":2,"minecraft:iron_pickaxe":155,"minecraft:stone_axe":55,"minecraft:diamond_sword":59,"minecraft:cobblestone":279,"minecraft:cooked_porkchop":4,"minecraft:cooked_rabbit":9,"minecraft:bucket":9}},"DataVersion":3465}