{"stats":{"minecraft:used":{"minecraft:rose_bush":1,"minecraft:stone_sword":7,"minecraft:stone_pickaxe":226,"minecraft:wooden_pickaxe":24,"minecraft:torch":6,"minecraft:dirt":23,"minecraft:crafting_table":6,"minecraft:granite":2,"minecraft:melon_slice":14,"minecraft:stone_axe":60,"minecraft:cobblestone":46,"minecraft:furnace":1,"minecraft:oak_boat":1},"minecraft:broken":{"minecraft:stone_pickaxe":1},"minecraft:custom":{"minecraft:interact_with_furnace":4,"minecraft:mob_kills":5,"minecraft:interact_with_crafting_table":7,"minecraft:leave_game":6,"minecraft:time_since_death":59345,"minecraft:climb_one_cm":3391,"minecraft:time_since_rest":59388,"minecraft:sprint_one_cm":49994,"minecraft:damage_taken":460,"minecraft:walk_one_cm":114877,"minecraft:damage_dealt":336,"minecraft:fly_one_cm":31750,"minecraft:play_time":66194,"minecraft:deaths":1,"minecraft:sneak_time":33,"minecraft:walk_under_water_one_cm":3921,"minecraft:boat_one_cm":77082,"minecraft:jump":910,"minecraft:walk_on_water_one_cm":5700,"minecraft:total_world_time":66194,"minecraft:fall_one_cm":12554},"minecraft:killed_by":{"minecraft:player":1},"minecraft:picked_up":{"minecraft:cocoa_beans":37,"minecraft:crafting_table":3,"minecraft:feather":1,"minecraft:chicken":2,"minecraft:andesite":1,"minecraft:leather":1,"minecraft:oak_log":26,"minecraft:dirt":45,"minecraft:wheat_seeds":1,"minecraft:beef":2,"minecraft:rose_bush":1,"minecraft:melon_slice":57,"minecraft:sugar_cane":5,"minecraft:egg":4,"minecraft:furnace":1,"minecraft:raw_iron":2,"minecraft:torch":4,"minecraft:gravel":2,"minecraft:peony":22,"minecraft:granite":3,"minecraft:mutton":2,"minecraft:coal":38,"minecraft:white_wool":2,"minecraft:cobblestone":187},"minecraft:crafted":{"minecraft:oak_planks":104,"minecraft:crafting_table":4,"minecraft:wooden_pickaxe":1,"minecraft:cooked_chicken":1,"minecraft:furnace":1,"minecraft:stone_axe":1,"minecraft:cooked_mutton":2,"minecraft:air":0,"minecraft:oak_boat":1,"minecraft:stick":12,"minecraft:stone_pickaxe":2,"minecraft:stone_sword":1,"minecraft:torch":4},"minecraft:killed":{"minecraft:sheep":2,"minecraft:chicken":2,"minecraft:cow":1},"minecraft:mined":{"minecraft:crafting_table":3,"minecraft:torch":2,"minecraft:granite":3,"minecraft:grass_block":10,"minecraft:melon":13,"minecraft:rose_bush":1,"minecraft:sugar_cane":3,"minecraft:wall_torch":2,"minecraft:furnace":1,"minecraft:iron_ore":2,"minecraft:andesite":1,"minecraft:peony":22,"minecraft:grass":18,"minecraft:coal_ore":38,"minecraft:oak_log":26,"minecraft:cocoa":13,"minecraft:vine":2,"minecraft:gravel":2,"minecraft:dirt":35,"minecraft:stone":191,"minecraft:oak_leaves":4,"minecraft:fern":2}},"DataVersion":3465}