{"stats":{"minecraft:used":{"minecraft:rose_bush":1,"minecraft:melon_slice":3,"minecraft:stone_pickaxe":79,"minecraft:wooden_pickaxe":23,"minecraft:cobblestone":46,"minecraft:crafting_table":2},"minecraft:custom":{"minecraft:time_since_rest":15479,"minecraft:sprint_one_cm":30329,"minecraft:damage_taken":360,"minecraft:walk_one_cm":57025,"minecraft:mob_kills":1,"minecraft:damage_dealt":97,"minecraft:interact_with_crafting_table":2,"minecraft:fly_one_cm":18273,"minecraft:play_time":22285,"minecraft:deaths":1,"minecraft:sneak_time":33,"minecraft:walk_under_water_one_cm":2059,"minecraft:jump":283,"minecraft:time_since_death":15436,"minecraft:walk_on_water_one_cm":4238,"minecraft:climb_one_cm":3391,"minecraft:total_world_time":22285,"minecraft:fall_one_cm":8037},"minecraft:killed_by":{"minecraft:player":1},"minecraft:picked_up":{"minecraft:cocoa_beans":37,"minecraft:raw_iron":2,"minecraft:leather":1,"minecraft:oak_log":7,"minecraft:dirt":4,"minecraft:wheat_seeds":1,"minecraft:granite":1,"minecraft:beef":2,"minecraft:rose_bush":1,"minecraft:melon_slice":57,"minecraft:coal":22,"minecraft:cobblestone":71,"minecraft:egg":2},"minecraft:crafted":{"minecraft:oak_planks":28,"minecraft:crafting_table":2,"minecraft:stick":8,"minecraft:wooden_pickaxe":1,"minecraft:stone_pickaxe":1,"minecraft:torch":4},"minecraft:killed":{"minecraft:cow":1},"minecraft:mined":{"minecraft:iron_ore":2,"minecraft:granite":1,"minecraft:grass":13,"minecraft:grass_block":1,"minecraft:oak_log":7,"minecraft:coal_ore":22,"minecraft:melon":13,"minecraft:cocoa":13,"minecraft:vine":2,"minecraft:rose_bush":1,"minecraft:dirt":3,"minecraft:stone":73,"minecraft:oak_leaves":1,"minecraft:fern":2}},"DataVersion":3465}