{"stats":{"minecraft:used":{"minecraft:rose_bush":1,"minecraft:crafting_table":1,"minecraft:wooden_pickaxe":10},"minecraft:custom":{"minecraft:time_since_rest":3479,"minecraft:walk_one_cm":25041,"minecraft:play_time":10285,"minecraft:sprint_one_cm":12633,"minecraft:damage_taken":280,"minecraft:deaths":1,"minecraft:mob_kills":1,"minecraft:jump":75,"minecraft:damage_dealt":97,"minecraft:time_since_death":3436,"minecraft:total_world_time":10285,"minecraft:climb_one_cm":72,"minecraft:interact_with_crafting_table":1,"minecraft:fall_one_cm":3516,"minecraft:fly_one_cm":4885},"minecraft:killed_by":{"minecraft:player":1},"minecraft:picked_up":{"minecraft:leather":1,"minecraft:beef":2,"minecraft:rose_bush":1,"minecraft:oak_log":7,"minecraft:cobblestone":10,"minecraft:egg":2},"minecraft:crafted":{"minecraft:oak_planks":28,"minecraft:crafting_table":1,"minecraft:stick":4,"minecraft:wooden_pickaxe":1},"minecraft:killed":{"minecraft:cow":1},"minecraft:mined":{"minecraft:grass":1,"minecraft:oak_log":7,"minecraft:rose_bush":1,"minecraft:stone":10}},"DataVersion":3465}