{"stats":{"minecraft:used":{"minecraft:rose_bush":1,"minecraft:melon_slice":14,"minecraft:stone_pickaxe":86,"minecraft:wooden_pickaxe":24,"minecraft:stone_axe":60,"minecraft:torch":5,"minecraft:dirt":1,"minecraft:cobblestone":46,"minecraft:crafting_table":6,"minecraft:furnace":1,"minecraft:oak_boat":1,"minecraft:granite":2},"minecraft:killed_by":{"minecraft:player":1},"minecraft:mined":{"minecraft:furnace":1,"minecraft:iron_ore":2,"minecraft:crafting_table":3,"minecraft:peony":22,"minecraft:torch":2,"minecraft:granite":2,"minecraft:grass":17,"minecraft:grass_block":6,"minecraft:oak_log":26,"minecraft:coal_ore":22,"minecraft:melon":13,"minecraft:cocoa":13,"minecraft:vine":2,"minecraft:rose_bush":1,"minecraft:gravel":2,"minecraft:dirt":24,"minecraft:stone":74,"minecraft:sugar_cane":3,"minecraft:wall_torch":1,"minecraft:oak_leaves":4,"minecraft:fern":2},"minecraft:crafted":{"minecraft:oak_boat":1,"minecraft:oak_planks":104,"minecraft:crafting_table":4,"minecraft:stick":12,"minecraft:cooked_chicken":1,"minecraft:wooden_pickaxe":1,"minecraft:stone_pickaxe":2,"minecraft:stone_sword":1,"minecraft:furnace":1,"minecraft:torch":4,"minecraft:stone_axe":1,"minecraft:air":0,"minecraft:cooked_mutton":2},"minecraft:killed":{"minecraft:sheep":2,"minecraft:chicken":1,"minecraft:cow":1},"minecraft:picked_up":{"minecraft:cocoa_beans":37,"minecraft:crafting_table":3,"minecraft:raw_iron":2,"minecraft:chicken":1,"minecraft:leather":1,"minecraft:torch":3,"minecraft:gravel":2,"minecraft:oak_log":26,"minecraft:dirt":30,"minecraft:wheat_seeds":1,"minecraft:peony":22,"minecraft:granite":2,"minecraft:beef":2,"minecraft:furnace":1,"minecraft:rose_bush":1,"minecraft:melon_slice":57,"minecraft:sugar_cane":5,"minecraft:mutton":2,"minecraft:coal":22,"minecraft:white_wool":2,"minecraft:cobblestone":71,"minecraft:egg":3},"minecraft:custom":{"minecraft:time_since_rest":47366,"minecraft:interact_with_furnace":4,"minecraft:sprint_one_cm":48526,"minecraft:damage_taken":460,"minecraft:walk_one_cm":94313,"minecraft:mob_kills":4,"minecraft:damage_dealt":296,"minecraft:interact_with_crafting_table":7,"minecraft:fly_one_cm":28738,"minecraft:play_time":54172,"minecraft:deaths":1,"minecraft:sneak_time":33,"minecraft:walk_under_water_one_cm":2059,"minecraft:boat_one_cm":77082,"minecraft:jump":839,"minecraft:leave_game":5,"minecraft:time_since_death":47323,"minecraft:walk_on_water_one_cm":4238,"minecraft:total_world_time":54172,"minecraft:climb_one_cm":3391,"minecraft:fall_one_cm":12345}},"DataVersion":3465}