{"stats":{"minecraft:used":{"minecraft:rose_bush":1,"minecraft:melon_slice":9,"minecraft:stone_pickaxe":82,"minecraft:wooden_pickaxe":24,"minecraft:stone_axe":59,"minecraft:torch":3,"minecraft:cobblestone":46,"minecraft:crafting_table":5,"minecraft:oak_boat":1,"minecraft:granite":1},"minecraft:killed_by":{"minecraft:player":1},"minecraft:mined":{"minecraft:iron_ore":2,"minecraft:torch":2,"minecraft:crafting_table":2,"minecraft:peony":22,"minecraft:granite":2,"minecraft:grass":17,"minecraft:grass_block":4,"minecraft:oak_log":26,"minecraft:coal_ore":22,"minecraft:melon":13,"minecraft:cocoa":13,"minecraft:vine":2,"minecraft:rose_bush":1,"minecraft:dirt":8,"minecraft:stone":73,"minecraft:oak_leaves":4,"minecraft:fern":2},"minecraft:crafted":{"minecraft:oak_boat":1,"minecraft:oak_planks":28,"minecraft:crafting_table":3,"minecraft:stick":12,"minecraft:wooden_pickaxe":1,"minecraft:stone_pickaxe":2,"minecraft:stone_sword":1,"minecraft:torch":4,"minecraft:stone_axe":1},"minecraft:killed":{"minecraft:sheep":2,"minecraft:chicken":1,"minecraft:cow":1},"minecraft:picked_up":{"minecraft:cocoa_beans":37,"minecraft:raw_iron":2,"minecraft:crafting_table":2,"minecraft:chicken":1,"minecraft:leather":1,"minecraft:torch":2,"minecraft:oak_log":26,"minecraft:dirt":12,"minecraft:wheat_seeds":1,"minecraft:peony":22,"minecraft:granite":2,"minecraft:beef":2,"minecraft:rose_bush":1,"minecraft:melon_slice":57,"minecraft:mutton":2,"minecraft:coal":22,"minecraft:white_wool":2,"minecraft:cobblestone":71,"minecraft:egg":3},"minecraft:custom":{"minecraft:time_since_rest":39522,"minecraft:sprint_one_cm":48133,"minecraft:damage_taken":460,"minecraft:walk_one_cm":79151,"minecraft:mob_kills":4,"minecraft:damage_dealt":296,"minecraft:interact_with_crafting_table":5,"minecraft:fly_one_cm":28738,"minecraft:play_time":46328,"minecraft:deaths":1,"minecraft:sneak_time":33,"minecraft:walk_under_water_one_cm":2059,"minecraft:boat_one_cm":18404,"minecraft:jump":369,"minecraft:leave_game":4,"minecraft:time_since_death":39479,"minecraft:walk_on_water_one_cm":4238,"minecraft:total_world_time":46328,"minecraft:climb_one_cm":3391,"minecraft:fall_one_cm":12345}},"DataVersion":3465}