{"stats":{"minecraft:used":{"minecraft:cooked_mutton":5,"minecraft:rose_bush":1,"minecraft:stone_sword":66,"minecraft:stone_shovel":206,"minecraft:stone_pickaxe":286,"minecraft:chest":3,"minecraft:wooden_pickaxe":25,"minecraft:cooked_chicken":1,"minecraft:torch":18,"minecraft:sand":2,"minecraft:dirt":55,"minecraft:mutton":2,"minecraft:crafting_table":10,"minecraft:white_bed":3,"minecraft:granite":2,"minecraft:melon_slice":18,"minecraft:iron_pickaxe":52,"minecraft:pink_petals":8,"minecraft:pink_bed":2,"minecraft:stone_axe":205,"minecraft:cobblestone":119,"minecraft:furnace":3,"minecraft:bucket":1,"minecraft:oak_boat":6},"minecraft:dropped":{"minecraft:pink_dye":1,"minecraft:feather":4,"minecraft:melon_slice":3,"minecraft:sand":6,"minecraft:red_sand":1,"minecraft:iron_pickaxe":1,"minecraft:pink_petals":5},"minecraft:broken":{"minecraft:stone_pickaxe":2,"minecraft:stone_axe":1,"minecraft:stone_shovel":1},"minecraft:custom":{"minecraft:interact_with_furnace":18,"minecraft:mob_kills":15,"minecraft:interact_with_crafting_table":30,"minecraft:leave_game":10,"minecraft:time_since_death":159513,"minecraft:sleep_in_bed":3,"minecraft:climb_one_cm":3631,"minecraft:time_since_rest":3199,"minecraft:sprint_one_cm":200515,"minecraft:damage_taken":690,"minecraft:walk_one_cm":390282,"minecraft:drop":11,"minecraft:damage_dealt":1202,"minecraft:swim_one_cm":956,"minecraft:fly_one_cm":177098,"minecraft:open_chest":25,"minecraft:crouch_one_cm":293,"minecraft:play_time":166362,"minecraft:deaths":1,"minecraft:sneak_time":164,"minecraft:walk_under_water_one_cm":7583,"minecraft:boat_one_cm":320038,"minecraft:jump":2252,"minecraft:walk_on_water_one_cm":16520,"minecraft:total_world_time":166362,"minecraft:fall_one_cm":42479},"minecraft:killed_by":{"minecraft:player":1},"minecraft:picked_up":{"minecraft:pink_petals":184,"minecraft:cocoa_beans":74,"minecraft:crafting_table":4,"minecraft:feather":8,"minecraft:chicken":2,"minecraft:birch_slab":4,"minecraft:andesite":1,"minecraft:leather":1,"minecraft:wooden_pickaxe":1,"minecraft:oak_stairs":4,"minecraft:oak_log":79,"minecraft:dirt":265,"minecraft:oak_trapdoor":2,"minecraft:apple":2,"minecraft:wheat_seeds":5,"minecraft:red_sand":2,"minecraft:iron_ingot":8,"minecraft:beef":2,"minecraft:rose_bush":1,"minecraft:oak_boat":5,"minecraft:iron_nugget":3,"minecraft:iron_pickaxe":1,"minecraft:melon_slice":60,"minecraft:sugar_cane":10,"minecraft:oak_planks":4,"minecraft:egg":12,"minecraft:furnace":1,"minecraft:pink_bed":1,"minecraft:stick":18,"minecraft:raw_iron":2,"minecraft:torch":6,"minecraft:gravel":4,"minecraft:sand":13,"minecraft:white_bed":3,"minecraft:peony":47,"minecraft:granite":3,"minecraft:emerald":1,"minecraft:mutton":12,"minecraft:coal":75,"minecraft:white_wool":11,"minecraft:cobblestone":252},"minecraft:crafted":{"minecraft:oak_planks":128,"minecraft:stone_shovel":5,"minecraft:crafting_table":6,"minecraft:pink_bed":1,"minecraft:iron_helmet":1,"minecraft:wooden_pickaxe":1,"minecraft:cooked_chicken":2,"minecraft:furnace":2,"minecraft:bucket":1,"minecraft:stone_axe":2,"minecraft:pink_dye":2,"minecraft:cooked_mutton":6,"minecraft:air":0,"minecraft:oak_boat":2,"minecraft:iron_boots":1,"minecraft:stick":16,"minecraft:iron_ingot":3,"minecraft:iron_pickaxe":1,"minecraft:stone_pickaxe":3,"minecraft:stone_sword":1,"minecraft:chest":3,"minecraft:iron_leggings":1,"minecraft:white_bed":1,"minecraft:torch":12},"minecraft:killed":{"minecraft:pig":1,"minecraft:sheep":8,"minecraft:chicken":4,"minecraft:cow":1},"minecraft:mined":{"minecraft:birch_stairs":1,"minecraft:spruce_planks":6,"minecraft:white_bed":3,"minecraft:pink_bed":1,"minecraft:crafting_table":5,"minecraft:torch":2,"minecraft:granite":3,"minecraft:red_sand":1,"minecraft:emerald_ore":1,"minecraft:grass_block":172,"minecraft:melon":13,"minecraft:chest":1,"minecraft:dead_bush":14,"minecraft:rose_bush":1,"minecraft:tall_grass":3,"minecraft:cobblestone":18,"minecraft:birch_slab":2,"minecraft:oak_planks":7,"minecraft:sugar_cane":3,"minecraft:wall_torch":2,"minecraft:pink_petals":68,"minecraft:spruce_stairs":4,"minecraft:birch_planks":3,"minecraft:oak_trapdoor":2,"minecraft:furnace":2,"minecraft:iron_ore":2,"minecraft:birch_leaves":5,"minecraft:andesite":1,"minecraft:peony":26,"minecraft:grass":62,"minecraft:oak_log":79,"minecraft:coal_ore":76,"minecraft:cocoa":13,"minecraft:vine":2,"minecraft:oak_stairs":4,"minecraft:gravel":2,"minecraft:sand":5,"minecraft:dirt":70,"minecraft:stone":236,"minecraft:oak_leaves":27,"minecraft:fern":2}},"DataVersion":3465}