{"stats":{"minecraft:used":{"minecraft:rose_bush":1,"minecraft:melon_slice":3,"minecraft:stone_pickaxe":79,"minecraft:wooden_pickaxe":24,"minecraft:stone_axe":56,"minecraft:torch":1,"minecraft:cobblestone":46,"minecraft:crafting_table":4,"minecraft:granite":1},"minecraft:custom":{"minecraft:time_since_rest":27479,"minecraft:sprint_one_cm":45715,"minecraft:damage_taken":390,"minecraft:walk_one_cm":73055,"minecraft:mob_kills":4,"minecraft:damage_dealt":296,"minecraft:interact_with_crafting_table":4,"minecraft:fly_one_cm":27641,"minecraft:play_time":34285,"minecraft:deaths":1,"minecraft:sneak_time":33,"minecraft:walk_under_water_one_cm":2059,"minecraft:jump":338,"minecraft:time_since_death":27436,"minecraft:walk_on_water_one_cm":4238,"minecraft:climb_one_cm":3391,"minecraft:total_world_time":34285,"minecraft:fall_one_cm":10357},"minecraft:killed_by":{"minecraft:player":1},"minecraft:picked_up":{"minecraft:cocoa_beans":37,"minecraft:crafting_table":2,"minecraft:raw_iron":2,"minecraft:chicken":1,"minecraft:leather":1,"minecraft:oak_log":26,"minecraft:dirt":7,"minecraft:peony":22,"minecraft:wheat_seeds":1,"minecraft:granite":1,"minecraft:beef":2,"minecraft:rose_bush":1,"minecraft:melon_slice":57,"minecraft:mutton":2,"minecraft:coal":22,"minecraft:white_wool":2,"minecraft:cobblestone":71,"minecraft:egg":3},"minecraft:crafted":{"minecraft:oak_planks":28,"minecraft:crafting_table":3,"minecraft:stick":12,"minecraft:wooden_pickaxe":1,"minecraft:stone_pickaxe":2,"minecraft:stone_sword":1,"minecraft:torch":4,"minecraft:stone_axe":1},"minecraft:mined":{"minecraft:iron_ore":2,"minecraft:peony":22,"minecraft:crafting_table":2,"minecraft:granite":1,"minecraft:grass":17,"minecraft:grass_block":2,"minecraft:oak_log":26,"minecraft:coal_ore":22,"minecraft:melon":13,"minecraft:cocoa":13,"minecraft:vine":2,"minecraft:rose_bush":1,"minecraft:dirt":5,"minecraft:stone":73,"minecraft:oak_leaves":4,"minecraft:fern":2},"minecraft:killed":{"minecraft:sheep":2,"minecraft:chicken":1,"minecraft:cow":1}},"DataVersion":3465}