{"stats":{"minecraft:used":{"minecraft:cooked_mutton":2,"minecraft:rose_bush":1,"minecraft:stone_sword":42,"minecraft:stone_pickaxe":263,"minecraft:wooden_pickaxe":25,"minecraft:cooked_chicken":1,"minecraft:torch":10,"minecraft:dirt":51,"minecraft:mutton":2,"minecraft:crafting_table":9,"minecraft:white_bed":3,"minecraft:granite":2,"minecraft:melon_slice":16,"minecraft:stone_axe":109,"minecraft:pink_bed":1,"minecraft:cobblestone":82,"minecraft:furnace":2,"minecraft:oak_boat":6},"minecraft:broken":{"minecraft:stone_pickaxe":2},"minecraft:custom":{"minecraft:interact_with_furnace":12,"minecraft:mob_kills":9,"minecraft:interact_with_crafting_table":11,"minecraft:leave_game":7,"minecraft:time_since_death":100268,"minecraft:sleep_in_bed":2,"minecraft:climb_one_cm":3631,"minecraft:time_since_rest":6139,"minecraft:sprint_one_cm":127212,"minecraft:damage_taken":595,"minecraft:walk_one_cm":252048,"minecraft:damage_dealt":657,"minecraft:swim_one_cm":956,"minecraft:fly_one_cm":78831,"minecraft:open_chest":1,"minecraft:crouch_one_cm":10,"minecraft:play_time":107117,"minecraft:deaths":1,"minecraft:sneak_time":35,"minecraft:walk_under_water_one_cm":6246,"minecraft:boat_one_cm":320038,"minecraft:jump":1484,"minecraft:walk_on_water_one_cm":15203,"minecraft:total_world_time":107117,"minecraft:fall_one_cm":22224},"minecraft:killed_by":{"minecraft:player":1},"minecraft:picked_up":{"minecraft:pink_petals":4,"minecraft:cocoa_beans":37,"minecraft:crafting_table":4,"minecraft:feather":1,"minecraft:chicken":2,"minecraft:birch_slab":2,"minecraft:andesite":1,"minecraft:leather":1,"minecraft:oak_stairs":2,"minecraft:oak_log":32,"minecraft:dirt":73,"minecraft:oak_trapdoor":2,"minecraft:wheat_seeds":2,"minecraft:red_sand":1,"minecraft:beef":2,"minecraft:rose_bush":1,"minecraft:oak_boat":5,"minecraft:melon_slice":57,"minecraft:sugar_cane":5,"minecraft:oak_planks":4,"minecraft:egg":5,"minecraft:furnace":1,"minecraft:stick":12,"minecraft:raw_iron":2,"minecraft:torch":6,"minecraft:gravel":2,"minecraft:sand":3,"minecraft:white_bed":3,"minecraft:peony":24,"minecraft:granite":3,"minecraft:mutton":8,"minecraft:coal":38,"minecraft:white_wool":6,"minecraft:cobblestone":226},"minecraft:crafted":{"minecraft:oak_planks":104,"minecraft:crafting_table":5,"minecraft:pink_bed":1,"minecraft:cooked_chicken":2,"minecraft:wooden_pickaxe":1,"minecraft:furnace":1,"minecraft:stone_axe":1,"minecraft:pink_dye":2,"minecraft:cooked_mutton":6,"minecraft:air":0,"minecraft:oak_boat":2,"minecraft:stick":16,"minecraft:stone_pickaxe":3,"minecraft:stone_sword":1,"minecraft:white_bed":1,"minecraft:torch":4},"minecraft:killed":{"minecraft:sheep":6,"minecraft:chicken":2,"minecraft:cow":1},"minecraft:mined":{"minecraft:birch_stairs":1,"minecraft:spruce_planks":6,"minecraft:white_bed":3,"minecraft:crafting_table":4,"minecraft:torch":2,"minecraft:granite":3,"minecraft:red_sand":1,"minecraft:grass_block":19,"minecraft:melon":13,"minecraft:dead_bush":14,"minecraft:rose_bush":1,"minecraft:tall_grass":1,"minecraft:birch_slab":2,"minecraft:sugar_cane":3,"minecraft:oak_planks":7,"minecraft:wall_torch":2,"minecraft:pink_petals":1,"minecraft:spruce_stairs":4,"minecraft:birch_planks":3,"minecraft:oak_trapdoor":2,"minecraft:furnace":1,"minecraft:iron_ore":2,"minecraft:birch_leaves":5,"minecraft:andesite":1,"minecraft:peony":26,"minecraft:grass":28,"minecraft:oak_log":32,"minecraft:coal_ore":38,"minecraft:cocoa":13,"minecraft:vine":2,"minecraft:oak_stairs":4,"minecraft:dirt":55,"minecraft:gravel":2,"minecraft:sand":3,"minecraft:stone":228,"minecraft:oak_leaves":14,"minecraft:fern":2}},"DataVersion":3465}