{"stats":{"minecraft:used":{"minecraft:cooked_mutton":2,"minecraft:rose_bush":1,"minecraft:stone_sword":42,"minecraft:stone_pickaxe":263,"minecraft:wooden_pickaxe":25,"minecraft:cooked_chicken":1,"minecraft:torch":10,"minecraft:dirt":46,"minecraft:crafting_table":8,"minecraft:white_bed":1,"minecraft:granite":2,"minecraft:melon_slice":16,"minecraft:stone_axe":104,"minecraft:cobblestone":67,"minecraft:furnace":1,"minecraft:oak_boat":6},"minecraft:broken":{"minecraft:stone_pickaxe":2},"minecraft:custom":{"minecraft:interact_with_furnace":4,"minecraft:mob_kills":9,"minecraft:interact_with_crafting_table":9,"minecraft:leave_game":6,"minecraft:time_since_death":84931,"minecraft:sleep_in_bed":1,"minecraft:climb_one_cm":3631,"minecraft:time_since_rest":10129,"minecraft:sprint_one_cm":99639,"minecraft:damage_taken":530,"minecraft:walk_one_cm":203318,"minecraft:damage_dealt":657,"minecraft:swim_one_cm":956,"minecraft:fly_one_cm":65597,"minecraft:open_chest":1,"minecraft:crouch_one_cm":10,"minecraft:play_time":91780,"minecraft:deaths":1,"minecraft:sneak_time":35,"minecraft:walk_under_water_one_cm":6084,"minecraft:boat_one_cm":260440,"minecraft:jump":1265,"minecraft:walk_on_water_one_cm":12978,"minecraft:total_world_time":91780,"minecraft:fall_one_cm":19610},"minecraft:killed_by":{"minecraft:player":1},"minecraft:picked_up":{"minecraft:cocoa_beans":37,"minecraft:crafting_table":4,"minecraft:feather":1,"minecraft:birch_slab":2,"minecraft:chicken":2,"minecraft:andesite":1,"minecraft:leather":1,"minecraft:oak_stairs":2,"minecraft:oak_log":30,"minecraft:oak_trapdoor":2,"minecraft:dirt":60,"minecraft:wheat_seeds":2,"minecraft:red_sand":1,"minecraft:beef":2,"minecraft:oak_boat":4,"minecraft:rose_bush":1,"minecraft:melon_slice":57,"minecraft:sugar_cane":5,"minecraft:oak_planks":4,"minecraft:egg":4,"minecraft:furnace":1,"minecraft:stick":12,"minecraft:raw_iron":2,"minecraft:torch":6,"minecraft:gravel":2,"minecraft:sand":3,"minecraft:white_bed":1,"minecraft:peony":22,"minecraft:granite":3,"minecraft:mutton":8,"minecraft:coal":38,"minecraft:white_wool":6,"minecraft:cobblestone":226},"minecraft:crafted":{"minecraft:oak_planks":104,"minecraft:crafting_table":5,"minecraft:wooden_pickaxe":1,"minecraft:cooked_chicken":1,"minecraft:furnace":1,"minecraft:stone_axe":1,"minecraft:cooked_mutton":2,"minecraft:air":0,"minecraft:oak_boat":2,"minecraft:stick":16,"minecraft:stone_pickaxe":2,"minecraft:stone_sword":1,"minecraft:white_bed":1,"minecraft:torch":4},"minecraft:killed":{"minecraft:sheep":6,"minecraft:chicken":2,"minecraft:cow":1},"minecraft:mined":{"minecraft:birch_stairs":1,"minecraft:spruce_planks":6,"minecraft:white_bed":1,"minecraft:crafting_table":4,"minecraft:torch":2,"minecraft:granite":3,"minecraft:red_sand":1,"minecraft:grass_block":14,"minecraft:melon":13,"minecraft:dead_bush":14,"minecraft:rose_bush":1,"minecraft:birch_slab":2,"minecraft:oak_planks":7,"minecraft:sugar_cane":3,"minecraft:wall_torch":2,"minecraft:spruce_stairs":4,"minecraft:birch_planks":3,"minecraft:oak_trapdoor":2,"minecraft:furnace":1,"minecraft:iron_ore":2,"minecraft:andesite":1,"minecraft:peony":22,"minecraft:grass":25,"minecraft:oak_log":30,"minecraft:coal_ore":38,"minecraft:cocoa":13,"minecraft:vine":2,"minecraft:oak_stairs":4,"minecraft:sand":3,"minecraft:gravel":2,"minecraft:dirt":47,"minecraft:stone":228,"minecraft:oak_leaves":4,"minecraft:fern":2}},"DataVersion":3465}