{"stats":{"minecraft:used":{"minecraft:rose_bush":1,"minecraft:stone_sword":42,"minecraft:stone_pickaxe":260,"minecraft:wooden_pickaxe":24,"minecraft:cooked_chicken":1,"minecraft:torch":10,"minecraft:dirt":46,"minecraft:crafting_table":7,"minecraft:granite":2,"minecraft:melon_slice":16,"minecraft:stone_axe":60,"minecraft:cobblestone":66,"minecraft:furnace":1,"minecraft:oak_boat":4},"minecraft:broken":{"minecraft:stone_pickaxe":1},"minecraft:custom":{"minecraft:interact_with_furnace":4,"minecraft:mob_kills":9,"minecraft:interact_with_crafting_table":8,"minecraft:leave_game":6,"minecraft:time_since_death":72931,"minecraft:climb_one_cm":3391,"minecraft:time_since_rest":72974,"minecraft:sprint_one_cm":84247,"minecraft:damage_taken":520,"minecraft:walk_one_cm":176182,"minecraft:damage_dealt":657,"minecraft:fly_one_cm":54144,"minecraft:crouch_one_cm":10,"minecraft:play_time":79780,"minecraft:deaths":1,"minecraft:sneak_time":35,"minecraft:walk_under_water_one_cm":5126,"minecraft:boat_one_cm":118219,"minecraft:jump":1153,"minecraft:walk_on_water_one_cm":7941,"minecraft:total_world_time":79780,"minecraft:fall_one_cm":16682},"minecraft:killed_by":{"minecraft:player":1},"minecraft:picked_up":{"minecraft:cocoa_beans":37,"minecraft:crafting_table":3,"minecraft:feather":1,"minecraft:chicken":2,"minecraft:andesite":1,"minecraft:leather":1,"minecraft:oak_log":26,"minecraft:dirt":49,"minecraft:wheat_seeds":2,"minecraft:red_sand":1,"minecraft:beef":2,"minecraft:oak_boat":3,"minecraft:rose_bush":1,"minecraft:melon_slice":57,"minecraft:sugar_cane":5,"minecraft:egg":4,"minecraft:furnace":1,"minecraft:stick":12,"minecraft:raw_iron":2,"minecraft:torch":6,"minecraft:gravel":2,"minecraft:peony":22,"minecraft:granite":3,"minecraft:mutton":8,"minecraft:coal":38,"minecraft:white_wool":6,"minecraft:cobblestone":222},"minecraft:crafted":{"minecraft:oak_planks":104,"minecraft:crafting_table":5,"minecraft:wooden_pickaxe":1,"minecraft:cooked_chicken":1,"minecraft:furnace":1,"minecraft:stone_axe":1,"minecraft:cooked_mutton":2,"minecraft:air":0,"minecraft:oak_boat":2,"minecraft:stick":12,"minecraft:stone_pickaxe":2,"minecraft:stone_sword":1,"minecraft:torch":4},"minecraft:killed":{"minecraft:sheep":6,"minecraft:chicken":2,"minecraft:cow":1},"minecraft:mined":{"minecraft:crafting_table":3,"minecraft:torch":2,"minecraft:granite":3,"minecraft:red_sand":1,"minecraft:grass_block":12,"minecraft:melon":13,"minecraft:dead_bush":14,"minecraft:rose_bush":1,"minecraft:sugar_cane":3,"minecraft:wall_torch":2,"minecraft:furnace":1,"minecraft:iron_ore":2,"minecraft:andesite":1,"minecraft:peony":22,"minecraft:grass":24,"minecraft:oak_log":26,"minecraft:coal_ore":38,"minecraft:cocoa":13,"minecraft:vine":2,"minecraft:gravel":2,"minecraft:dirt":37,"minecraft:stone":224,"minecraft:oak_leaves":4,"minecraft:fern":2}},"DataVersion":3465}