{"stats":{"minecraft:used":{"minecraft:cooked_mutton":2,"minecraft:rose_bush":1,"minecraft:stone_sword":53,"minecraft:stone_pickaxe":271,"minecraft:wooden_pickaxe":25,"minecraft:cooked_chicken":1,"minecraft:torch":16,"minecraft:dirt":51,"minecraft:mutton":2,"minecraft:crafting_table":9,"minecraft:white_bed":3,"minecraft:granite":2,"minecraft:melon_slice":16,"minecraft:pink_petals":4,"minecraft:stone_axe":195,"minecraft:pink_bed":1,"minecraft:cobblestone":85,"minecraft:furnace":2,"minecraft:oak_boat":6},"minecraft:dropped":{"minecraft:pink_dye":1,"minecraft:pink_petals":4},"minecraft:broken":{"minecraft:stone_pickaxe":2,"minecraft:stone_axe":1},"minecraft:custom":{"minecraft:interact_with_furnace":13,"minecraft:mob_kills":12,"minecraft:interact_with_crafting_table":15,"minecraft:leave_game":8,"minecraft:time_since_death":111226,"minecraft:sleep_in_bed":2,"minecraft:climb_one_cm":3631,"minecraft:time_since_rest":17097,"minecraft:sprint_one_cm":143609,"minecraft:damage_taken":615,"minecraft:walk_one_cm":282811,"minecraft:drop":2,"minecraft:damage_dealt":875,"minecraft:swim_one_cm":956,"minecraft:fly_one_cm":96022,"minecraft:open_chest":1,"minecraft:crouch_one_cm":10,"minecraft:play_time":118075,"minecraft:deaths":1,"minecraft:sneak_time":35,"minecraft:walk_under_water_one_cm":6246,"minecraft:boat_one_cm":320038,"minecraft:jump":1626,"minecraft:walk_on_water_one_cm":15203,"minecraft:total_world_time":118075,"minecraft:fall_one_cm":26361},"minecraft:killed_by":{"minecraft:player":1},"minecraft:picked_up":{"minecraft:cocoa_beans":37,"minecraft:pink_petals":8,"minecraft:crafting_table":4,"minecraft:feather":4,"minecraft:chicken":2,"minecraft:birch_slab":2,"minecraft:andesite":1,"minecraft:leather":1,"minecraft:oak_stairs":2,"minecraft:oak_log":73,"minecraft:dirt":79,"minecraft:oak_trapdoor":2,"minecraft:apple":2,"minecraft:wheat_seeds":2,"minecraft:red_sand":1,"minecraft:beef":2,"minecraft:rose_bush":1,"minecraft:oak_boat":5,"minecraft:melon_slice":57,"minecraft:sugar_cane":5,"minecraft:oak_planks":4,"minecraft:egg":6,"minecraft:furnace":1,"minecraft:stick":18,"minecraft:raw_iron":2,"minecraft:torch":6,"minecraft:gravel":2,"minecraft:sand":3,"minecraft:white_bed":3,"minecraft:peony":24,"minecraft:granite":3,"minecraft:mutton":8,"minecraft:coal":38,"minecraft:white_wool":6,"minecraft:cobblestone":227},"minecraft:crafted":{"minecraft:oak_planks":104,"minecraft:crafting_table":5,"minecraft:pink_bed":1,"minecraft:wooden_pickaxe":1,"minecraft:cooked_chicken":2,"minecraft:furnace":1,"minecraft:stone_axe":2,"minecraft:pink_dye":2,"minecraft:cooked_mutton":6,"minecraft:air":0,"minecraft:oak_boat":2,"minecraft:stick":16,"minecraft:stone_pickaxe":3,"minecraft:stone_sword":1,"minecraft:white_bed":1,"minecraft:torch":12},"minecraft:killed":{"minecraft:pig":1,"minecraft:sheep":6,"minecraft:chicken":4,"minecraft:cow":1},"minecraft:mined":{"minecraft:birch_stairs":1,"minecraft:spruce_planks":6,"minecraft:white_bed":3,"minecraft:crafting_table":4,"minecraft:torch":2,"minecraft:granite":3,"minecraft:red_sand":1,"minecraft:grass_block":21,"minecraft:melon":13,"minecraft:dead_bush":14,"minecraft:rose_bush":1,"minecraft:cobblestone":1,"minecraft:tall_grass":3,"minecraft:birch_slab":2,"minecraft:sugar_cane":3,"minecraft:oak_planks":7,"minecraft:wall_torch":2,"minecraft:pink_petals":22,"minecraft:spruce_stairs":4,"minecraft:birch_planks":3,"minecraft:oak_trapdoor":2,"minecraft:furnace":1,"minecraft:iron_ore":2,"minecraft:andesite":1,"minecraft:birch_leaves":5,"minecraft:peony":26,"minecraft:grass":37,"minecraft:oak_log":73,"minecraft:coal_ore":38,"minecraft:cocoa":13,"minecraft:vine":2,"minecraft:oak_stairs":4,"minecraft:gravel":2,"minecraft:sand":3,"minecraft:dirt":59,"minecraft:stone":228,"minecraft:oak_leaves":26,"minecraft:fern":2}},"DataVersion":3465}