{"stats":{"minecraft:used":{"minecraft:cooked_mutton":1,"minecraft:stone_pickaxe":208,"minecraft:birch_boat":1,"minecraft:wooden_pickaxe":68,"minecraft:crafting_table":6,"minecraft:shears":1,"minecraft:stone_axe":77,"minecraft:wooden_sword":4,"minecraft:cobblestone":4,"minecraft:furnace":5,"minecraft:cooked_beef":4,"minecraft:pumpkin":1},"minecraft:killed_by":{"minecraft:skeleton":1},"minecraft:broken":{"minecraft:stone_pickaxe":1,"minecraft:wooden_pickaxe":1},"minecraft:mined":{"minecraft:white_bed":2,"minecraft:jungle_leaves":1,"minecraft:carved_pumpkin":1,"minecraft:crafting_table":6,"minecraft:torch":1,"minecraft:grass_block":8,"minecraft:copper_ore":1,"minecraft:wall_torch":2,"minecraft:hay_block":10,"minecraft:furnace":5,"minecraft:birch_log":9,"minecraft:iron_ore":17,"minecraft:andesite":4,"minecraft:pumpkin":1,"minecraft:grass":4,"minecraft:oak_log":41,"minecraft:coal_ore":81,"minecraft:vine":1,"minecraft:dirt_path":1,"minecraft:gravel":1,"minecraft:dirt":14,"minecraft:stone":146,"minecraft:oak_leaves":8},"minecraft:crafted":{"minecraft:cooked_beef":17,"minecraft:wooden_sword":1,"minecraft:oak_planks":32,"minecraft:crafting_table":3,"minecraft:wooden_pickaxe":2,"minecraft:birch_boat":1,"minecraft:furnace":3,"minecraft:birch_planks":36,"minecraft:stone_axe":2,"minecraft:cooked_mutton":7,"minecraft:air":0,"minecraft:stick":16,"minecraft:iron_ingot":3,"minecraft:stone_pickaxe":3,"minecraft:torch":8,"minecraft:shears":1},"minecraft:killed":{"minecraft:skeleton":1,"minecraft:sheep":5,"minecraft:zombie":1,"minecraft:cow":8},"minecraft:dropped":{"minecraft:stone_axe":1,"minecraft:crafting_table":1,"minecraft:cobblestone":1,"minecraft:cooked_mutton":1,"minecraft:pumpkin_seeds":1,"minecraft:stone_pickaxe":3},"minecraft:picked_up":{"minecraft:birch_log":9,"minecraft:crafting_table":6,"minecraft:feather":1,"minecraft:andesite":4,"minecraft:leather":8,"minecraft:oak_log":41,"minecraft:dirt":17,"minecraft:raw_copper":2,"minecraft:kelp":51,"minecraft:wheat_seeds":1,"minecraft:stone_pickaxe":2,"minecraft:beef":17,"minecraft:light_gray_wool":1,"minecraft:furnace":5,"minecraft:stick":4,"minecraft:raw_iron":17,"minecraft:pumpkin":1,"minecraft:torch":3,"minecraft:gravel":1,"minecraft:white_bed":2,"minecraft:pumpkin_seeds":4,"minecraft:stone_axe":1,"minecraft:hay_block":10,"minecraft:carved_pumpkin":1,"minecraft:oak_sapling":1,"minecraft:coal":129,"minecraft:mutton":9,"minecraft:white_wool":5,"minecraft:cobblestone":144},"minecraft:custom":{"minecraft:interact_with_furnace":43,"minecraft:mob_kills":15,"minecraft:interact_with_crafting_table":18,"minecraft:leave_game":7,"minecraft:time_since_death":19901,"minecraft:sleep_in_bed":1,"minecraft:climb_one_cm":1968,"minecraft:time_since_rest":4746,"minecraft:sprint_one_cm":131832,"minecraft:damage_taken":618,"minecraft:walk_one_cm":144591,"minecraft:drop":8,"minecraft:damage_dealt":1585,"minecraft:talked_to_villager":1,"minecraft:fly_one_cm":103276,"minecraft:open_chest":1,"minecraft:crouch_one_cm":9869,"minecraft:play_time":62955,"minecraft:deaths":1,"minecraft:sneak_time":4320,"minecraft:walk_under_water_one_cm":1126,"minecraft:boat_one_cm":41430,"minecraft:jump":625,"minecraft:walk_on_water_one_cm":5869,"minecraft:total_world_time":62955,"minecraft:fall_one_cm":18895}},"DataVersion":3465}