{"stats":{"minecraft:picked_up":{"minecraft:oak_log":2,"minecraft:wheat_seeds":1},"minecraft:dropped":{"minecraft:wheat_seeds":1},"minecraft:custom":{"minecraft:jump":63,"minecraft:time_since_rest":2406,"minecraft:damage_dealt":88,"minecraft:damage_taken":100,"minecraft:leave_game":2,"minecraft:play_time":2406,"minecraft:sprint_one_cm":8325,"minecraft:time_since_death":2406,"minecraft:walk_one_cm":7299,"minecraft:total_world_time":2406,"minecraft:climb_one_cm":376,"minecraft:fly_one_cm":10405,"minecraft:fall_one_cm":2080,"minecraft:drop":1},"minecraft:mined":{"minecraft:grass":1,"minecraft:oak_log":1,"minecraft:fern":3}},"DataVersion":3465}