{"stats":{"minecraft:used":{"minecraft:cooked_mutton":1,"minecraft:stone_pickaxe":231,"minecraft:wooden_pickaxe":68,"minecraft:birch_boat":1,"minecraft:crafting_table":6,"minecraft:shears":1,"minecraft:map":1,"minecraft:stone_axe":77,"minecraft:wooden_sword":4,"minecraft:cobblestone":4,"minecraft:furnace":5,"minecraft:cooked_beef":5,"minecraft:pumpkin":1},"minecraft:dropped":{"minecraft:stone_axe":1,"minecraft:kelp":51,"minecraft:crafting_table":1,"minecraft:feather":1,"minecraft:cobblestone":1,"minecraft:cooked_mutton":1,"minecraft:pumpkin_seeds":4,"minecraft:mossy_stone_bricks":3,"minecraft:map":1,"minecraft:stone_bricks":2,"minecraft:stone_pickaxe":3,"minecraft:white_wool":1},"minecraft:broken":{"minecraft:stone_pickaxe":1,"minecraft:wooden_pickaxe":1},"minecraft:custom":{"minecraft:interact_with_furnace":43,"minecraft:mob_kills":15,"minecraft:interact_with_crafting_table":18,"minecraft:leave_game":19,"minecraft:time_since_death":1802,"minecraft:sleep_in_bed":1,"minecraft:climb_one_cm":2299,"minecraft:time_since_rest":1864,"minecraft:sprint_one_cm":162665,"minecraft:damage_taken":656,"minecraft:walk_one_cm":189181,"minecraft:drop":15,"minecraft:damage_dealt":1585,"minecraft:swim_one_cm":2538,"minecraft:talked_to_villager":1,"minecraft:fly_one_cm":112809,"minecraft:open_chest":5,"minecraft:play_time":78439,"minecraft:crouch_one_cm":9914,"minecraft:deaths":3,"minecraft:sneak_time":4370,"minecraft:walk_under_water_one_cm":4071,"minecraft:boat_one_cm":115210,"minecraft:jump":732,"minecraft:walk_on_water_one_cm":7608,"minecraft:total_world_time":78439,"minecraft:fall_one_cm":20066},"minecraft:killed_by":{"minecraft:skeleton":1},"minecraft:picked_up":{"minecraft:birch_log":9,"minecraft:fishing_rod":2,"minecraft:crafting_table":8,"minecraft:iron_chestplate":2,"minecraft:feather":4,"minecraft:cooked_beef":2,"minecraft:andesite":5,"minecraft:leather":10,"minecraft:wooden_pickaxe":2,"minecraft:potato":7,"minecraft:filled_map":3,"minecraft:oak_log":85,"minecraft:map":4,"minecraft:dirt":21,"minecraft:paper":2,"minecraft:raw_copper":2,"minecraft:leather_boots":1,"minecraft:stone_bricks":2,"minecraft:kelp":51,"minecraft:wheat_seeds":67,"minecraft:iron_ingot":1,"minecraft:beef":17,"minecraft:stone_pickaxe":3,"minecraft:mossy_stone_bricks":3,"minecraft:light_gray_wool":1,"minecraft:oak_planks":21,"minecraft:furnace":7,"minecraft:stick":12,"minecraft:raw_iron":17,"minecraft:pumpkin":1,"minecraft:sweet_berries":90,"minecraft:torch":3,"minecraft:gravel":3,"minecraft:spruce_sapling":1,"minecraft:white_bed":4,"minecraft:prismarine_crystals":6,"minecraft:leather_helmet":1,"minecraft:pumpkin_seeds":10,"minecraft:stone_axe":3,"minecraft:shears":2,"minecraft:hay_block":10,"minecraft:carved_pumpkin":2,"minecraft:saddle":1,"minecraft:emerald":4,"minecraft:bread":8,"minecraft:oak_sapling":3,"minecraft:mutton":9,"minecraft:coal":175,"minecraft:white_wool":8,"minecraft:cobblestone":214,"minecraft:nautilus_shell":3},"minecraft:crafted":{"minecraft:cooked_beef":17,"minecraft:wooden_sword":1,"minecraft:oak_planks":32,"minecraft:crafting_table":3,"minecraft:birch_boat":1,"minecraft:wooden_pickaxe":2,"minecraft:furnace":3,"minecraft:birch_planks":36,"minecraft:stone_axe":2,"minecraft:cooked_mutton":7,"minecraft:air":0,"minecraft:stick":16,"minecraft:iron_ingot":3,"minecraft:stone_pickaxe":3,"minecraft:torch":8,"minecraft:shears":1},"minecraft:killed":{"minecraft:sheep":5,"minecraft:skeleton":1,"minecraft:zombie":1,"minecraft:cow":8},"minecraft:mined":{"minecraft:white_bed":2,"minecraft:jungle_leaves":1,"minecraft:carved_pumpkin":1,"minecraft:crafting_table":6,"minecraft:torch":1,"minecraft:grass_block":8,"minecraft:copper_ore":1,"minecraft:spruce_leaves":3,"minecraft:wall_torch":2,"minecraft:hay_block":10,"minecraft:furnace":5,"minecraft:birch_log":9,"minecraft:iron_ore":17,"minecraft:wheat":17,"minecraft:sweet_berry_bush":16,"minecraft:andesite":4,"minecraft:pumpkin_stem":2,"minecraft:pumpkin":1,"minecraft:grass":4,"minecraft:potatoes":1,"minecraft:oak_log":41,"minecraft:coal_ore":81,"minecraft:dirt_path":1,"minecraft:vine":1,"minecraft:gravel":1,"minecraft:dirt":16,"minecraft:stone":146,"minecraft:stone_bricks":2,"minecraft:mossy_stone_bricks":3,"minecraft:oak_leaves":8,"minecraft:fern":1}},"DataVersion":3465}