{"stats":{"minecraft:used":{"minecraft:cooked_mutton":1,"minecraft:stone_pickaxe":29,"minecraft:wooden_pickaxe":45,"minecraft:stone_axe":33,"minecraft:wooden_sword":4,"minecraft:crafting_table":2,"minecraft:furnace":3,"minecraft:cooked_beef":3},"minecraft:mined":{"minecraft:white_bed":1,"minecraft:furnace":1,"minecraft:birch_log":9,"minecraft:jungle_leaves":1,"minecraft:crafting_table":1,"minecraft:torch":1,"minecraft:grass":4,"minecraft:grass_block":7,"minecraft:oak_log":11,"minecraft:coal_ore":28,"minecraft:vine":1,"minecraft:dirt":14,"minecraft:stone":24,"minecraft:oak_leaves":1,"minecraft:wall_torch":2},"minecraft:crafted":{"minecraft:cooked_beef":14,"minecraft:wooden_sword":1,"minecraft:crafting_table":1,"minecraft:stick":8,"minecraft:wooden_pickaxe":1,"minecraft:stone_pickaxe":1,"minecraft:furnace":2,"minecraft:torch":8,"minecraft:birch_planks":36,"minecraft:stone_axe":1,"minecraft:air":0,"minecraft:cooked_mutton":4},"minecraft:killed":{"minecraft:sheep":4,"minecraft:zombie":1,"minecraft:cow":7},"minecraft:picked_up":{"minecraft:birch_log":9,"minecraft:stick":2,"minecraft:crafting_table":1,"minecraft:leather":6,"minecraft:torch":3,"minecraft:oak_log":11,"minecraft:white_bed":1,"minecraft:dirt":17,"minecraft:beef":14,"minecraft:light_gray_wool":1,"minecraft:mutton":7,"minecraft:coal":53,"minecraft:white_wool":3,"minecraft:cobblestone":24,"minecraft:furnace":1},"minecraft:custom":{"minecraft:time_since_rest":29542,"minecraft:interact_with_furnace":34,"minecraft:sprint_one_cm":76446,"minecraft:damage_taken":188,"minecraft:walk_one_cm":55929,"minecraft:mob_kills":12,"minecraft:damage_dealt":1255,"minecraft:interact_with_crafting_table":9,"minecraft:fly_one_cm":66025,"minecraft:crouch_one_cm":2042,"minecraft:play_time":29542,"minecraft:sneak_time":996,"minecraft:walk_under_water_one_cm":474,"minecraft:jump":315,"minecraft:leave_game":6,"minecraft:time_since_death":29542,"minecraft:walk_on_water_one_cm":2906,"minecraft:total_world_time":29542,"minecraft:climb_one_cm":1968,"minecraft:fall_one_cm":9553}},"DataVersion":3465}