{"stats":{"minecraft:used":{"minecraft:chest":1,"minecraft:torch":1,"minecraft:dirt":2,"minecraft:sweet_berries":23,"minecraft:furnace":8,"minecraft:cooked_beef":7,"minecraft:cobbled_deepslate":25,"minecraft:pumpkin":1,"minecraft:cooked_mutton":4,"minecraft:water_bucket":1,"minecraft:stone_pickaxe":388,"minecraft:birch_boat":1,"minecraft:wooden_pickaxe":68,"minecraft:crafting_table":12,"minecraft:white_bed":3,"minecraft:shears":1,"minecraft:iron_pickaxe":58,"minecraft:map":1,"minecraft:spruce_sapling":1,"minecraft:stone_axe":128,"minecraft:wooden_sword":4,"minecraft:cobblestone":69,"minecraft:bucket":2,"minecraft:oak_boat":1},"minecraft:broken":{"minecraft:wooden_pickaxe":1,"minecraft:stone_pickaxe":2,"minecraft:stone_axe":1},"minecraft:dropped":{"minecraft:wheat_seeds":67,"minecraft:crafting_table":1,"minecraft:feather":2,"minecraft:cobblestone":1,"minecraft:dirt":5,"minecraft:map":3,"minecraft:pink_petals":23,"minecraft:white_wool":2,"minecraft:gravel":2,"minecraft:stone_axe":1,"minecraft:kelp":51,"minecraft:cooked_mutton":1,"minecraft:pumpkin_seeds":7,"minecraft:andesite":1,"minecraft:mossy_stone_bricks":3,"minecraft:oak_sapling":1,"minecraft:stone_bricks":2,"minecraft:stone_pickaxe":3},"minecraft:custom":{"minecraft:mob_kills":39,"minecraft:interact_with_crafting_table":30,"minecraft:leave_game":22,"minecraft:time_since_death":74871,"minecraft:climb_one_cm":2299,"minecraft:sprint_one_cm":290909,"minecraft:walk_one_cm":394932,"minecraft:drop":52,"minecraft:talked_to_villager":1,"minecraft:play_time":156479,"minecraft:deaths":4,"minecraft:sneak_time":11276,"minecraft:walk_under_water_one_cm":6692,"minecraft:boat_one_cm":211764,"minecraft:jump":1549,"minecraft:walk_on_water_one_cm":12615,"minecraft:total_world_time":156479,"minecraft:interact_with_furnace":61,"minecraft:sleep_in_bed":9,"minecraft:time_since_rest":23059,"minecraft:damage_taken":1157,"minecraft:damage_dealt":4145,"minecraft:swim_one_cm":2538,"minecraft:fly_one_cm":200839,"minecraft:open_chest":14,"minecraft:crouch_one_cm":28408,"minecraft:fall_one_cm":37102,"minecraft:horse_one_cm":215756},"minecraft:killed_by":{"minecraft:skeleton":1},"minecraft:picked_up":{"minecraft:fishing_rod":4,"minecraft:crafting_table":13,"minecraft:iron_chestplate":6,"minecraft:chicken":1,"minecraft:wooden_pickaxe":4,"minecraft:raw_copper":2,"minecraft:cobbled_deepslate":52,"minecraft:beef":21,"minecraft:oak_boat":1,"minecraft:light_gray_wool":1,"minecraft:sugar_cane":4,"minecraft:furnace":10,"minecraft:stick":20,"minecraft:raw_iron":79,"minecraft:torch":4,"minecraft:prismarine_crystals":12,"minecraft:arrow":4,"minecraft:shears":4,"minecraft:hay_block":10,"minecraft:carved_pumpkin":4,"minecraft:saddle":3,"minecraft:mutton":35,"minecraft:white_wool":21,"minecraft:cobblestone":325,"minecraft:nautilus_shell":5,"minecraft:birch_log":9,"minecraft:pink_petals":23,"minecraft:feather":6,"minecraft:cooked_beef":4,"minecraft:andesite":6,"minecraft:brown_wool":3,"minecraft:leather":18,"minecraft:potato":19,"minecraft:filled_map":4,"minecraft:oak_log":129,"minecraft:lapis_lazuli":17,"minecraft:map":8,"minecraft:paper":2,"minecraft:dirt":36,"minecraft:leather_boots":3,"minecraft:bone":3,"minecraft:stone_bricks":2,"minecraft:kelp":51,"minecraft:wheat_seeds":170,"minecraft:raw_gold":6,"minecraft:stone_pickaxe":5,"minecraft:iron_ingot":3,"minecraft:mossy_stone_bricks":3,"minecraft:oak_planks":63,"minecraft:pumpkin":1,"minecraft:sweet_berries":164,"minecraft:gravel":6,"minecraft:spruce_sapling":3,"minecraft:white_bed":8,"minecraft:leather_helmet":1,"minecraft:pumpkin_seeds":16,"minecraft:diamond":5,"minecraft:stone_axe":5,"minecraft:iron_helmet":2,"minecraft:emerald":12,"minecraft:bread":16,"minecraft:oak_sapling":6,"minecraft:coal":257},"minecraft:crafted":{"minecraft:wooden_sword":1,"minecraft:oak_planks":40,"minecraft:birch_boat":1,"minecraft:furnace":4,"minecraft:cooked_mutton":33,"minecraft:iron_boots":1,"minecraft:stone_pickaxe":4,"minecraft:chest":1,"minecraft:cooked_beef":21,"minecraft:crafting_table":5,"minecraft:wooden_pickaxe":2,"minecraft:bucket":1,"minecraft:birch_planks":36,"minecraft:stone_axe":2,"minecraft:air":0,"minecraft:oak_boat":1,"minecraft:stick":24,"minecraft:iron_ingot":36,"minecraft:iron_pickaxe":1,"minecraft:iron_leggings":1,"minecraft:torch":12,"minecraft:shears":1},"minecraft:killed":{"minecraft:skeleton":4,"minecraft:chicken":1,"minecraft:sheep":22,"minecraft:zombie":1,"minecraft:cow":11},"minecraft:mined":{"minecraft:white_bed":4,"minecraft:deepslate_diamond_ore":5,"minecraft:jungle_leaves":1,"minecraft:carved_pumpkin":1,"minecraft:grass_block":12,"minecraft:spruce_leaves":3,"minecraft:hay_block":10,"minecraft:furnace":6,"minecraft:iron_ore":34,"minecraft:cobbled_deepslate":4,"minecraft:andesite":4,"minecraft:pumpkin":1,"minecraft:deepslate_lapis_ore":3,"minecraft:potatoes":1,"minecraft:vine":1,"minecraft:deepslate_iron_ore":45,"minecraft:dirt_path":1,"minecraft:stone":185,"minecraft:crafting_table":9,"minecraft:torch":2,"minecraft:tall_grass":1,"minecraft:copper_ore":1,"minecraft:cobblestone":2,"minecraft:deepslate_gold_ore":6,"minecraft:sugar_cane":5,"minecraft:wall_torch":2,"minecraft:pink_petals":9,"minecraft:birch_log":9,"minecraft:sweet_berry_bush":24,"minecraft:wheat":17,"minecraft:pumpkin_stem":2,"minecraft:grass":16,"minecraft:oak_log":41,"minecraft:coal_ore":116,"minecraft:gravel":2,"minecraft:dirt":20,"minecraft:stone_bricks":2,"minecraft:mossy_stone_bricks":3,"minecraft:oak_leaves":18,"minecraft:deepslate":51,"minecraft:fern":1}},"DataVersion":3465}