{"stats":{"minecraft:used":{"minecraft:wooden_pickaxe":16},"minecraft:custom":{"minecraft:time_since_rest":5809,"minecraft:crouch_one_cm":331,"minecraft:sprint_one_cm":10499,"minecraft:play_time":5809,"minecraft:damage_taken":135,"minecraft:walk_one_cm":12300,"minecraft:sneak_time":294,"minecraft:mob_kills":1,"minecraft:jump":55,"minecraft:damage_dealt":136,"minecraft:leave_game":2,"minecraft:time_since_death":5809,"minecraft:climb_one_cm":1968,"minecraft:total_world_time":5809,"minecraft:interact_with_crafting_table":1,"minecraft:fall_one_cm":2252,"minecraft:fly_one_cm":5666},"minecraft:picked_up":{"minecraft:birch_log":9,"minecraft:beef":2,"minecraft:dirt":12},"minecraft:crafted":{"minecraft:wooden_sword":1,"minecraft:birch_planks":36,"minecraft:stick":4,"minecraft:wooden_pickaxe":1},"minecraft:killed":{"minecraft:cow":1},"minecraft:mined":{"minecraft:grass_block":3,"minecraft:vine":1,"minecraft:dirt":13,"minecraft:birch_log":9,"minecraft:jungle_leaves":1}},"DataVersion":3465}