{"stats":{"minecraft:killed_by":{"minecraft:spider":1},"minecraft:crafted":{"thekatanasmod:wooden_katana":1,"minecraft:oak_planks":20,"minecraft:crafting_table":1,"minecraft:stick":4,"thekatanasmod:wooden_blade":1},"minecraft:custom":{"minecraft:time_since_rest":9300,"minecraft:crouch_one_cm":2,"minecraft:play_time":22914,"minecraft:sprint_one_cm":28662,"minecraft:damage_taken":315,"minecraft:deaths":1,"minecraft:walk_one_cm":77661,"minecraft:sneak_time":6,"minecraft:mob_kills":11,"minecraft:drop":1,"minecraft:jump":65,"minecraft:damage_dealt":1142,"minecraft:leave_game":5,"minecraft:time_since_death":9271,"minecraft:total_world_time":22914,"minecraft:interact_with_crafting_table":1,"minecraft:fall_one_cm":418,"minecraft:fly_one_cm":8220},"minecraft:used":{"thekatanasmod:wooden_katana":35,"minecraft:crafting_table":1},"minecraft:picked_up":{"minecraft:oak_log":5,"minecraft:oak_sapling":3},"minecraft:dropped":{"thekatanasmod:wooden_katana":1},"minecraft:mined":{"minecraft:grass":14,"treechop:chopped_log":1},"minecraft:killed":{"minecraft:sheep":6,"minecraft:spider":1,"minecraft:zombie":1,"minecraft:pig":2,"minecraft:chicken":1}},"DataVersion":3465}