{"stats":{"minecraft:used":{"minecraft:cooked_mutton":1,"minecraft:stone_pickaxe":131,"minecraft:birch_boat":1,"minecraft:wooden_pickaxe":58,"minecraft:stone_axe":46,"minecraft:wooden_sword":4,"minecraft:cobblestone":4,"minecraft:crafting_table":4,"minecraft:furnace":3,"minecraft:cooked_beef":3},"minecraft:broken":{"minecraft:stone_pickaxe":1},"minecraft:mined":{"minecraft:hay_block":10,"minecraft:white_bed":1,"minecraft:furnace":3,"minecraft:iron_ore":14,"minecraft:birch_log":9,"minecraft:andesite":3,"minecraft:jungle_leaves":1,"minecraft:crafting_table":4,"minecraft:torch":1,"minecraft:grass":4,"minecraft:grass_block":7,"minecraft:oak_log":11,"minecraft:coal_ore":56,"minecraft:vine":1,"minecraft:dirt":14,"minecraft:copper_ore":1,"minecraft:stone":91,"minecraft:oak_leaves":1,"minecraft:wall_torch":2},"minecraft:crafted":{"minecraft:cooked_beef":14,"minecraft:wooden_sword":1,"minecraft:crafting_table":2,"minecraft:stick":8,"minecraft:birch_boat":1,"minecraft:wooden_pickaxe":1,"minecraft:stone_pickaxe":1,"minecraft:furnace":2,"minecraft:torch":8,"minecraft:birch_planks":36,"minecraft:stone_axe":1,"minecraft:air":0,"minecraft:cooked_mutton":7},"minecraft:killed":{"minecraft:sheep":5,"minecraft:zombie":1,"minecraft:cow":7},"minecraft:dropped":{"minecraft:crafting_table":1,"minecraft:stone_pickaxe":1,"minecraft:cooked_mutton":1},"minecraft:picked_up":{"minecraft:birch_log":9,"minecraft:stick":2,"minecraft:crafting_table":4,"minecraft:andesite":3,"minecraft:leather":6,"minecraft:torch":3,"minecraft:oak_log":11,"minecraft:white_bed":1,"minecraft:dirt":17,"minecraft:raw_copper":2,"minecraft:wheat_seeds":1,"minecraft:stone_pickaxe":1,"minecraft:hay_block":10,"minecraft:beef":14,"minecraft:light_gray_wool":1,"minecraft:mutton":9,"minecraft:coal":81,"minecraft:raw_iron":14,"minecraft:white_wool":4,"minecraft:cobblestone":90,"minecraft:furnace":3},"minecraft:custom":{"minecraft:time_since_rest":42761,"minecraft:interact_with_furnace":37,"minecraft:sprint_one_cm":96886,"minecraft:damage_taken":433,"minecraft:walk_one_cm":87634,"minecraft:mob_kills":13,"minecraft:drop":3,"minecraft:damage_dealt":1335,"minecraft:interact_with_crafting_table":11,"minecraft:fly_one_cm":74155,"minecraft:open_chest":1,"minecraft:crouch_one_cm":7158,"minecraft:play_time":42761,"minecraft:sneak_time":3144,"minecraft:walk_under_water_one_cm":541,"minecraft:boat_one_cm":252,"minecraft:jump":418,"minecraft:leave_game":7,"minecraft:time_since_death":42761,"minecraft:walk_on_water_one_cm":4239,"minecraft:total_world_time":42761,"minecraft:climb_one_cm":1968,"minecraft:fall_one_cm":12996}},"DataVersion":3465}