{"stats":{"minecraft:killed_by":{"minecraft:spider":1},"minecraft:crafted":{"thekatanasmod:wooden_katana":1,"minecraft:oak_planks":20,"minecraft:crafting_table":2,"minecraft:stick":4,"thekatanasmod:wooden_blade":1,"minecraft:wooden_axe":1},"minecraft:custom":{"minecraft:time_since_rest":15685,"minecraft:crouch_one_cm":230,"minecraft:play_time":29299,"minecraft:sprint_one_cm":28662,"minecraft:damage_taken":315,"minecraft:deaths":1,"minecraft:walk_one_cm":95871,"minecraft:sneak_time":36,"minecraft:mob_kills":11,"minecraft:drop":1,"minecraft:jump":86,"minecraft:damage_dealt":1142,"minecraft:walk_on_water_one_cm":73,"minecraft:leave_game":6,"minecraft:time_since_death":15656,"minecraft:total_world_time":29299,"minecraft:interact_with_crafting_table":2,"minecraft:fall_one_cm":627,"minecraft:fly_one_cm":9076},"minecraft:used":{"minecraft:wooden_axe":6,"thekatanasmod:wooden_katana":35,"minecraft:crafting_table":2},"minecraft:dropped":{"thekatanasmod:wooden_katana":1},"minecraft:picked_up":{"minecraft:stick":4,"minecraft:oak_log":17,"minecraft:oak_sapling":6},"minecraft:mined":{"minecraft:grass":14,"treechop:chopped_log":3},"minecraft:killed":{"minecraft:sheep":6,"minecraft:spider":1,"minecraft:zombie":1,"minecraft:pig":2,"minecraft:chicken":1}},"DataVersion":3465}