{"stats":{"minecraft:picked_up":{"minecraft:oak_log":5,"minecraft:oak_sapling":3},"minecraft:killed_by":{"minecraft:spider":1},"minecraft:used":{"thekatanasmod:wooden_katana":35,"minecraft:crafting_table":1},"minecraft:killed":{"minecraft:sheep":6,"minecraft:spider":1,"minecraft:zombie":1,"minecraft:pig":2,"minecraft:chicken":1},"minecraft:mined":{"minecraft:grass":14,"treechop:chopped_log":1},"minecraft:crafted":{"thekatanasmod:wooden_katana":1,"minecraft:oak_planks":20,"minecraft:crafting_table":1,"minecraft:stick":4,"thekatanasmod:wooden_blade":1},"minecraft:custom":{"minecraft:time_since_rest":3846,"minecraft:crouch_one_cm":2,"minecraft:sprint_one_cm":26348,"minecraft:play_time":17460,"minecraft:walk_one_cm":64030,"minecraft:damage_taken":315,"minecraft:deaths":1,"minecraft:sneak_time":6,"minecraft:mob_kills":11,"minecraft:jump":57,"minecraft:damage_dealt":1142,"minecraft:leave_game":3,"minecraft:time_since_death":3817,"minecraft:total_world_time":17460,"minecraft:interact_with_crafting_table":1,"minecraft:fall_one_cm":209,"minecraft:fly_one_cm":7294}},"DataVersion":3465}