{"stats":{"minecraft:used":{"minecraft:cooked_mutton":2,"minecraft:stone_pickaxe":312,"minecraft:chest":1,"minecraft:wooden_pickaxe":68,"minecraft:birch_boat":1,"minecraft:crafting_table":9,"minecraft:white_bed":3,"minecraft:shears":1,"minecraft:map":1,"minecraft:stone_axe":121,"minecraft:wooden_sword":4,"minecraft:cobblestone":29,"minecraft:sweet_berries":23,"minecraft:furnace":6,"minecraft:oak_boat":1,"minecraft:cooked_beef":5,"minecraft:pumpkin":1},"minecraft:dropped":{"minecraft:gravel":2,"minecraft:stone_axe":1,"minecraft:kelp":51,"minecraft:wheat_seeds":67,"minecraft:crafting_table":1,"minecraft:feather":2,"minecraft:cobblestone":1,"minecraft:cooked_mutton":1,"minecraft:pumpkin_seeds":7,"minecraft:dirt":5,"minecraft:andesite":1,"minecraft:mossy_stone_bricks":3,"minecraft:oak_sapling":1,"minecraft:map":3,"minecraft:stone_bricks":2,"minecraft:stone_pickaxe":3,"minecraft:white_wool":2},"minecraft:broken":{"minecraft:stone_pickaxe":1,"minecraft:wooden_pickaxe":1},"minecraft:custom":{"minecraft:interact_with_furnace":47,"minecraft:mob_kills":38,"minecraft:interact_with_crafting_table":22,"minecraft:leave_game":21,"minecraft:time_since_death":45951,"minecraft:sleep_in_bed":6,"minecraft:climb_one_cm":2299,"minecraft:time_since_rest":8204,"minecraft:sprint_one_cm":246077,"minecraft:damage_taken":804,"minecraft:walk_one_cm":312173,"minecraft:drop":29,"minecraft:damage_dealt":3946,"minecraft:swim_one_cm":2538,"minecraft:talked_to_villager":1,"minecraft:fly_one_cm":176369,"minecraft:open_chest":9,"minecraft:play_time":127559,"minecraft:crouch_one_cm":14575,"minecraft:deaths":4,"minecraft:sneak_time":6608,"minecraft:walk_under_water_one_cm":4701,"minecraft:boat_one_cm":211764,"minecraft:jump":1219,"minecraft:horse_one_cm":215756,"minecraft:walk_on_water_one_cm":8617,"minecraft:total_world_time":127559,"minecraft:fall_one_cm":29498},"minecraft:killed_by":{"minecraft:skeleton":1},"minecraft:picked_up":{"minecraft:birch_log":9,"minecraft:pink_petals":19,"minecraft:crafting_table":11,"minecraft:iron_chestplate":6,"minecraft:feather":6,"minecraft:cooked_beef":4,"minecraft:chicken":1,"minecraft:andesite":6,"minecraft:brown_wool":3,"minecraft:leather":18,"minecraft:wooden_pickaxe":4,"minecraft:potato":19,"minecraft:filled_map":4,"minecraft:oak_log":129,"minecraft:map":8,"minecraft:dirt":36,"minecraft:paper":2,"minecraft:raw_copper":2,"minecraft:leather_boots":3,"minecraft:bone":2,"minecraft:stone_bricks":2,"minecraft:kelp":51,"minecraft:wheat_seeds":169,"minecraft:iron_ingot":3,"minecraft:beef":21,"minecraft:stone_pickaxe":5,"minecraft:oak_boat":1,"minecraft:mossy_stone_bricks":3,"minecraft:light_gray_wool":1,"minecraft:sugar_cane":4,"minecraft:oak_planks":63,"minecraft:furnace":9,"minecraft:stick":20,"minecraft:raw_iron":28,"minecraft:pumpkin":1,"minecraft:sweet_berries":154,"minecraft:torch":3,"minecraft:gravel":6,"minecraft:spruce_sapling":3,"minecraft:white_bed":8,"minecraft:prismarine_crystals":12,"minecraft:leather_helmet":1,"minecraft:arrow":2,"minecraft:pumpkin_seeds":16,"minecraft:stone_axe":5,"minecraft:shears":4,"minecraft:hay_block":10,"minecraft:iron_helmet":2,"minecraft:carved_pumpkin":4,"minecraft:saddle":3,"minecraft:bread":16,"minecraft:emerald":12,"minecraft:oak_sapling":6,"minecraft:mutton":35,"minecraft:coal":243,"minecraft:cobblestone":325,"minecraft:white_wool":21,"minecraft:nautilus_shell":5,"minecraft:fishing_rod":4},"minecraft:crafted":{"minecraft:cooked_beef":17,"minecraft:wooden_sword":1,"minecraft:oak_planks":32,"minecraft:crafting_table":4,"minecraft:birch_boat":1,"minecraft:wooden_pickaxe":2,"minecraft:furnace":3,"minecraft:birch_planks":36,"minecraft:stone_axe":2,"minecraft:cooked_mutton":33,"minecraft:air":0,"minecraft:oak_boat":1,"minecraft:stick":16,"minecraft:iron_ingot":6,"minecraft:stone_pickaxe":3,"minecraft:chest":1,"minecraft:torch":8,"minecraft:shears":1},"minecraft:killed":{"minecraft:sheep":22,"minecraft:skeleton":3,"minecraft:zombie":1,"minecraft:chicken":1,"minecraft:cow":11},"minecraft:mined":{"minecraft:white_bed":4,"minecraft:jungle_leaves":1,"minecraft:carved_pumpkin":1,"minecraft:crafting_table":7,"minecraft:torch":1,"minecraft:grass_block":12,"minecraft:tall_grass":1,"minecraft:cobblestone":2,"minecraft:copper_ore":1,"minecraft:spruce_leaves":3,"minecraft:sugar_cane":5,"minecraft:wall_torch":2,"minecraft:pink_petals":7,"minecraft:hay_block":10,"minecraft:furnace":5,"minecraft:birch_log":9,"minecraft:iron_ore":28,"minecraft:wheat":17,"minecraft:sweet_berry_bush":16,"minecraft:andesite":4,"minecraft:pumpkin_stem":2,"minecraft:pumpkin":1,"minecraft:grass":16,"minecraft:potatoes":1,"minecraft:coal_ore":103,"minecraft:oak_log":41,"minecraft:dirt_path":1,"minecraft:vine":1,"minecraft:gravel":2,"minecraft:dirt":20,"minecraft:stone":185,"minecraft:stone_bricks":2,"minecraft:mossy_stone_bricks":3,"minecraft:oak_leaves":18,"minecraft:fern":1}},"DataVersion":3465}