{"stats":{"minecraft:custom":{"minecraft:jump":51,"minecraft:time_since_rest":2815,"minecraft:damage_taken":40,"minecraft:leave_game":2,"minecraft:play_time":2815,"minecraft:sprint_one_cm":6343,"minecraft:time_since_death":2815,"minecraft:walk_one_cm":6468,"minecraft:total_world_time":2815,"minecraft:fall_one_cm":2049,"minecraft:fly_one_cm":4629},"minecraft:crafted":{"minecraft:crafting_table":1,"minecraft:oak_planks":8},"minecraft:picked_up":{"minecraft:oak_log":2},"minecraft:used":{"minecraft:crafting_table":1},"minecraft:mined":{"minecraft:oak_log":2}},"DataVersion":3465}