{"stats":{"minecraft:broken":{"minecraft:wooden_pickaxe":1,"minecraft:stone_pickaxe":1,"minecraft:iron_pickaxe":3,"minecraft:wooden_axe":1},"minecraft:crafted":{"minecraft:oak_planks":28,"thekatanasmod:wooden_blade":1,"minecraft:cooked_chicken":4,"minecraft:furnace":1,"minecraft:diamond":2,"minecraft:diamond_helmet":1,"minecraft:iron_axe":1,"thekatanasmod:stone_blade":1,"minecraft:stone_pickaxe":1,"minecraft:diamond_boots":1,"thekatanasmod:stone_katana":1,"minecraft:wooden_shovel":1,"minecraft:cooked_porkchop":3,"minecraft:crafting_table":4,"minecraft:spruce_planks":40,"minecraft:wooden_pickaxe":2,"minecraft:baked_potato":2,"minecraft:gold_block":3,"minecraft:air":0,"thekatanasmod:wooden_katana":1,"minecraft:emerald_block":1,"minecraft:stick":16,"minecraft:iron_ingot":37,"minecraft:wooden_axe":2,"minecraft:gold_ingot":37,"minecraft:iron_leggings":1,"minecraft:diamond_chestplate":1},"minecraft:dropped":{"minecraft:iron_ingot":1,"minecraft:oak_log":10,"minecraft:cooked_porkchop":1,"minecraft:cobblestone":102,"minecraft:lantern":2,"minecraft:rail":3,"minecraft:coal":4,"paraglider:spirit_orb":1,"thekatanasmod:wooden_katana":1,"minecraft:wooden_axe":3,"minecraft:gold_nugget":4,"minecraft:pumpkin":3,"minecraft:sugar":5,"minecraft:paper":4,"minecraft:string":12,"minecraft:spruce_sapling":10,"minecraft:sweet_berries":2,"minecraft:iron_nugget":2,"minecraft:cocoa_beans":6,"minecraft:iron_boots":1,"minecraft:honey_bottle":2,"thekatanasmod:stone_katana":2,"promenade:blunite":3,"minecraft:beetroot_seeds":4,"minecraft:oak_sapling":6,"minecraft:stone_bricks":4},"minecraft:killed":{"promenade:duck":1,"minecraft:spider":2,"minecraft:skeleton":4,"minecraft:chicken":1,"minecraft:pig":6,"minecraft:sheep":6,"minecraft:zombie":10,"minecraft:stray":1,"minecraft:cow":1},"minecraft:picked_up":{"minecraft:wooden_axe":9,"minecraft:cocoa_beans":6,"minecraft:coarse_dirt":1,"minecraft:crafting_table":5,"minecraft:chicken":4,"minecraft:wooden_pickaxe":3,"minecraft:potion":1,"promenade:blunite":3,"minecraft:string":14,"minecraft:cyan_carpet":1,"minecraft:beetroot":2,"minecraft:gold_nugget":4,"minecraft:cobbled_deepslate":342,"minecraft:bucket":1,"minecraft:wooden_shovel":1,"minecraft:iron_nugget":2,"minecraft:iron_pickaxe":1,"minecraft:raw_iron":36,"minecraft:stick":11,"minecraft:torch":1,"sophisticatedbackpacks:backpack":1,"minecraft:porkchop":1,"minecraft:honey_bottle":2,"minecraft:beetroot_seeds":10,"minecraft:obsidian":6,"minecraft:snowball":33,"minecraft:rail":7,"minecraft:cobblestone":269,"thekatanasmod:stone_katana":3,"minecraft:potato":14,"paraglider:spirit_orb":1,"minecraft:tuff":4,"minecraft:oak_log":47,"minecraft:lapis_lazuli":38,"minecraft:dirt":21,"minecraft:lantern":4,"minecraft:name_tag":1,"minecraft:stone_bricks":6,"minecraft:raw_gold":14,"minecraft:iron_ingot":3,"minecraft:stone_pickaxe":1,"minecraft:moss_block":1,"minecraft:oak_planks":16,"minecraft:emerald_block":1,"minecraft:pumpkin":6,"minecraft:sweet_berries":4,"minecraft:gravel":1,"minecraft:stripped_spruce_log":31,"minecraft:spruce_sapling":16,"minecraft:spruce_log":7,"minecraft:sugar":5,"minecraft:diamond":20,"minecraft:bread":29,"minecraft:emerald":9,"minecraft:rooted_dirt":1,"minecraft:baked_potato":3,"minecraft:oak_sapling":24,"minecraft:coal":137,"minecraft:diamond_pickaxe":1},"minecraft:mined":{"minecraft:tuff":9,"minecraft:deepslate_diamond_ore":21,"minecraft:glow_lichen":2,"minecraft:grass_block":3,"minecraft:moss_block":2,"minecraft:rooted_dirt":1,"minecraft:spawner":1,"minecraft:iron_ore":18,"minecraft:cobbled_deepslate":3,"minecraft:snow":6,"minecraft:stripped_spruce_log":36,"treechop:chopped_log":4,"minecraft:deepslate_lapis_ore":6,"minecraft:deepslate_iron_ore":19,"minecraft:packed_ice":1,"minecraft:stone":276,"promenade:blunite":3,"minecraft:oak_fence":2,"minecraft:crafting_table":4,"minecraft:copper_ore":2,"minecraft:cobblestone":1,"minecraft:deepslate_coal_ore":9,"minecraft:deepslate_gold_ore":13,"minecraft:coarse_dirt":1,"minecraft:blue_ice":1,"minecraft:grass":14,"minecraft:coal_ore":96,"minecraft:gravel":9,"minecraft:dirt":7,"minecraft:cobweb":7,"minecraft:deepslate":456},"minecraft:custom":{"minecraft:interact_with_anvil":1,"minecraft:mob_kills":32,"minecraft:interact_with_crafting_table":23,"minecraft:open_barrel":66,"minecraft:damage_dealt_resisted":49,"minecraft:leave_game":8,"minecraft:time_since_death":81978,"minecraft:climb_one_cm":1766,"minecraft:sprint_one_cm":148352,"minecraft:walk_one_cm":1010985,"minecraft:drop":37,"minecraft:damage_dealt_absorbed":154,"minecraft:talked_to_villager":1,"minecraft:play_time":157991,"minecraft:sneak_time":7097,"minecraft:deaths":7,"minecraft:walk_under_water_one_cm":24088,"minecraft:jump":1360,"minecraft:walk_on_water_one_cm":19896,"minecraft:total_world_time":157991,"minecraft:interact_with_furnace":40,"minecraft:sleep_in_bed":4,"minecraft:time_since_rest":58869,"minecraft:damage_taken":3123,"minecraft:damage_dealt":4994,"minecraft:swim_one_cm":4324,"minecraft:fly_one_cm":94290,"minecraft:open_chest":14,"minecraft:crouch_one_cm":30688,"minecraft:interact_with_smoker":6,"minecraft:fall_one_cm":21519},"minecraft:used":{"minecraft:beetroot":2,"minecraft:iron_sword":24,"minecraft:wooden_shovel":6,"minecraft:cooked_chicken":4,"minecraft:iron_chestplate":1,"thekatanasmod:stone_katana":33,"minecraft:snowball":33,"minecraft:milk_bucket":1,"minecraft:wooden_axe":53,"minecraft:iron_axe":35,"minecraft:iron_boots":1,"minecraft:diamond_chestplate":1,"minecraft:sweet_berries":4,"minecraft:furnace":1,"minecraft:potato":1,"minecraft:cobbled_deepslate":23,"minecraft:iron_leggings":1,"thekatanasmod:wooden_katana":35,"minecraft:stone_pickaxe":131,"minecraft:baked_potato":5,"minecraft:wooden_pickaxe":71,"minecraft:crafting_table":8,"minecraft:diamond_pickaxe":119,"minecraft:apple":4,"minecraft:bread":14,"minecraft:iron_pickaxe":641,"minecraft:cobblestone":2,"minecraft:cooked_porkchop":1},"minecraft:killed_by":{"minecraft:player":4,"minecraft:stray":1,"minecraft:spider":1,"minecraft:zombie":1}},"DataVersion":3465}