{"stats":{"minecraft:used":{"minecraft:stone_pickaxe":29,"minecraft:wooden_pickaxe":45,"minecraft:stone_axe":23,"minecraft:wooden_sword":4,"minecraft:crafting_table":1,"minecraft:furnace":1,"minecraft:cooked_beef":2},"minecraft:custom":{"minecraft:time_since_rest":17809,"minecraft:interact_with_furnace":22,"minecraft:sprint_one_cm":51575,"minecraft:damage_taken":168,"minecraft:walk_one_cm":39747,"minecraft:mob_kills":8,"minecraft:damage_dealt":856,"minecraft:interact_with_crafting_table":6,"minecraft:fly_one_cm":26492,"minecraft:crouch_one_cm":2042,"minecraft:play_time":17809,"minecraft:sneak_time":991,"minecraft:walk_under_water_one_cm":99,"minecraft:jump":173,"minecraft:leave_game":2,"minecraft:walk_on_water_one_cm":1288,"minecraft:time_since_death":17809,"minecraft:total_world_time":17809,"minecraft:climb_one_cm":1968,"minecraft:fall_one_cm":5004},"minecraft:picked_up":{"minecraft:birch_log":9,"minecraft:stick":2,"minecraft:crafting_table":1,"minecraft:leather":1,"minecraft:torch":3,"minecraft:oak_log":11,"minecraft:dirt":17,"minecraft:beef":6,"minecraft:light_gray_wool":1,"minecraft:mutton":7,"minecraft:coal":53,"minecraft:white_wool":3,"minecraft:cobblestone":24,"minecraft:furnace":1},"minecraft:crafted":{"minecraft:cooked_beef":3,"minecraft:wooden_sword":1,"minecraft:crafting_table":1,"minecraft:stick":8,"minecraft:wooden_pickaxe":1,"minecraft:stone_pickaxe":1,"minecraft:furnace":1,"minecraft:torch":8,"minecraft:birch_planks":36,"minecraft:stone_axe":1,"minecraft:air":0},"minecraft:mined":{"minecraft:furnace":1,"minecraft:birch_log":9,"minecraft:jungle_leaves":1,"minecraft:crafting_table":1,"minecraft:torch":1,"minecraft:oak_log":11,"minecraft:grass_block":6,"minecraft:coal_ore":28,"minecraft:vine":1,"minecraft:dirt":14,"minecraft:stone":24,"minecraft:oak_leaves":1,"minecraft:wall_torch":2},"minecraft:killed":{"minecraft:sheep":4,"minecraft:zombie":1,"minecraft:cow":3}},"DataVersion":3465}