{"stats":{"minecraft:broken":{"minecraft:stone_pickaxe":1,"minecraft:iron_pickaxe":1,"minecraft:wooden_axe":1,"minecraft:wooden_pickaxe":1},"minecraft:crafted":{"thekatanasmod:stone_katana":1,"minecraft:oak_planks":28,"minecraft:wooden_shovel":1,"minecraft:cooked_porkchop":3,"minecraft:crafting_table":4,"minecraft:spruce_planks":40,"minecraft:cooked_chicken":4,"minecraft:wooden_pickaxe":2,"thekatanasmod:wooden_blade":1,"minecraft:baked_potato":2,"minecraft:furnace":1,"minecraft:gold_block":3,"minecraft:air":0,"thekatanasmod:wooden_katana":1,"minecraft:diamond":2,"minecraft:diamond_helmet":1,"minecraft:emerald_block":1,"minecraft:iron_axe":1,"thekatanasmod:stone_blade":1,"minecraft:stick":16,"minecraft:iron_ingot":37,"minecraft:stone_pickaxe":1,"minecraft:wooden_axe":2,"minecraft:iron_leggings":1,"minecraft:gold_ingot":37,"minecraft:diamond_boots":1,"minecraft:diamond_chestplate":1},"minecraft:dropped":{"minecraft:iron_ingot":1,"minecraft:sweet_berries":2,"minecraft:iron_nugget":2,"minecraft:oak_log":10,"minecraft:cocoa_beans":6,"minecraft:cooked_porkchop":1,"minecraft:cobblestone":38,"minecraft:lantern":2,"minecraft:iron_boots":1,"minecraft:honey_bottle":2,"minecraft:coal":4,"thekatanasmod:stone_katana":2,"thekatanasmod:wooden_katana":1,"promenade:blunite":3,"minecraft:wooden_axe":3,"minecraft:oak_sapling":6,"minecraft:stone_bricks":4,"minecraft:gold_nugget":4,"minecraft:pumpkin":3,"minecraft:sugar":5,"minecraft:paper":4,"minecraft:spruce_sapling":10},"minecraft:killed":{"minecraft:pig":6,"promenade:duck":1,"minecraft:spider":2,"minecraft:skeleton":1,"minecraft:sheep":6,"minecraft:zombie":9,"minecraft:chicken":1,"minecraft:stray":1,"minecraft:cow":1},"minecraft:picked_up":{"minecraft:wooden_axe":9,"minecraft:cocoa_beans":6,"minecraft:crafting_table":5,"minecraft:chicken":4,"thekatanasmod:stone_katana":3,"minecraft:wooden_pickaxe":3,"minecraft:potato":14,"minecraft:potion":1,"minecraft:oak_log":47,"promenade:blunite":3,"minecraft:lapis_lazuli":38,"minecraft:dirt":21,"minecraft:lantern":4,"minecraft:beetroot":2,"minecraft:stone_bricks":6,"minecraft:cobbled_deepslate":101,"minecraft:gold_nugget":4,"minecraft:raw_gold":6,"minecraft:bucket":1,"minecraft:iron_ingot":3,"minecraft:stone_pickaxe":1,"minecraft:iron_nugget":2,"minecraft:wooden_shovel":1,"minecraft:oak_planks":15,"minecraft:stick":11,"minecraft:raw_iron":16,"minecraft:emerald_block":1,"minecraft:pumpkin":6,"minecraft:sweet_berries":4,"minecraft:porkchop":1,"minecraft:stripped_spruce_log":31,"minecraft:spruce_sapling":16,"minecraft:spruce_log":7,"minecraft:honey_bottle":2,"minecraft:sugar":5,"minecraft:diamond":13,"minecraft:beetroot_seeds":2,"minecraft:emerald":9,"minecraft:bread":28,"minecraft:baked_potato":3,"minecraft:oak_sapling":24,"minecraft:obsidian":6,"minecraft:coal":122,"minecraft:snowball":33,"minecraft:cobblestone":141},"minecraft:mined":{"minecraft:tuff":4,"promenade:blunite":3,"minecraft:deepslate_diamond_ore":14,"minecraft:crafting_table":4,"minecraft:glow_lichen":2,"minecraft:grass_block":3,"minecraft:cobblestone":1,"minecraft:deepslate_gold_ore":5,"minecraft:moss_block":1,"minecraft:iron_ore":3,"minecraft:cobbled_deepslate":2,"minecraft:snow":6,"minecraft:blue_ice":1,"minecraft:deepslate_lapis_ore":6,"minecraft:stripped_spruce_log":36,"treechop:chopped_log":4,"minecraft:grass":14,"minecraft:coal_ore":90,"minecraft:deepslate_iron_ore":13,"minecraft:gravel":2,"minecraft:dirt":7,"minecraft:packed_ice":1,"minecraft:stone":138,"minecraft:deepslate":157},"minecraft:custom":{"minecraft:interact_with_furnace":40,"minecraft:mob_kills":28,"minecraft:interact_with_crafting_table":23,"minecraft:open_barrel":39,"minecraft:leave_game":8,"minecraft:time_since_death":45978,"minecraft:sleep_in_bed":4,"minecraft:climb_one_cm":929,"minecraft:time_since_rest":22869,"minecraft:sprint_one_cm":121794,"minecraft:damage_taken":2665,"minecraft:walk_one_cm":788840,"minecraft:drop":31,"minecraft:damage_dealt":4261,"minecraft:swim_one_cm":4324,"minecraft:damage_dealt_absorbed":80,"minecraft:talked_to_villager":1,"minecraft:fly_one_cm":82114,"minecraft:open_chest":14,"minecraft:crouch_one_cm":18946,"minecraft:play_time":121991,"minecraft:deaths":7,"minecraft:sneak_time":3723,"minecraft:walk_under_water_one_cm":24088,"minecraft:jump":1049,"minecraft:walk_on_water_one_cm":13733,"minecraft:total_world_time":121991,"minecraft:interact_with_smoker":6,"minecraft:fall_one_cm":15659},"minecraft:used":{"minecraft:beetroot":2,"thekatanasmod:wooden_katana":35,"minecraft:stone_pickaxe":131,"minecraft:baked_potato":5,"minecraft:wooden_pickaxe":71,"minecraft:iron_sword":4,"minecraft:wooden_shovel":6,"minecraft:cooked_chicken":1,"minecraft:iron_chestplate":1,"minecraft:crafting_table":8,"thekatanasmod:stone_katana":33,"minecraft:snowball":33,"minecraft:milk_bucket":1,"minecraft:wooden_axe":53,"minecraft:apple":4,"minecraft:iron_axe":33,"minecraft:iron_pickaxe":244,"minecraft:bread":11,"minecraft:iron_boots":1,"minecraft:diamond_chestplate":1,"minecraft:cobblestone":2,"minecraft:sweet_berries":4,"minecraft:furnace":1,"minecraft:cooked_porkchop":1,"minecraft:iron_leggings":1,"minecraft:potato":1,"minecraft:cobbled_deepslate":13},"minecraft:killed_by":{"minecraft:player":4,"minecraft:stray":1,"minecraft:spider":1,"minecraft:zombie":1}},"DataVersion":3465}