{"stats":{"minecraft:used":{"minecraft:cooked_mutton":1,"minecraft:stone_pickaxe":231,"minecraft:wooden_pickaxe":68,"minecraft:birch_boat":1,"minecraft:crafting_table":6,"minecraft:shears":1,"minecraft:map":1,"minecraft:stone_axe":77,"minecraft:wooden_sword":4,"minecraft:cobblestone":4,"minecraft:furnace":5,"minecraft:cooked_beef":5,"minecraft:pumpkin":1},"minecraft:killed_by":{"minecraft:skeleton":1},"minecraft:broken":{"minecraft:stone_pickaxe":1,"minecraft:wooden_pickaxe":1},"minecraft:mined":{"minecraft:white_bed":2,"minecraft:jungle_leaves":1,"minecraft:carved_pumpkin":1,"minecraft:crafting_table":6,"minecraft:torch":1,"minecraft:grass_block":8,"minecraft:copper_ore":1,"minecraft:wall_torch":2,"minecraft:hay_block":10,"minecraft:furnace":5,"minecraft:birch_log":9,"minecraft:iron_ore":17,"minecraft:wheat":17,"minecraft:sweet_berry_bush":16,"minecraft:andesite":4,"minecraft:pumpkin_stem":2,"minecraft:pumpkin":1,"minecraft:grass":4,"minecraft:oak_log":41,"minecraft:potatoes":1,"minecraft:coal_ore":81,"minecraft:vine":1,"minecraft:dirt_path":1,"minecraft:gravel":1,"minecraft:dirt":16,"minecraft:stone":146,"minecraft:stone_bricks":2,"minecraft:mossy_stone_bricks":3,"minecraft:oak_leaves":8,"minecraft:fern":1},"minecraft:crafted":{"minecraft:cooked_beef":17,"minecraft:wooden_sword":1,"minecraft:oak_planks":32,"minecraft:crafting_table":3,"minecraft:birch_boat":1,"minecraft:wooden_pickaxe":2,"minecraft:furnace":3,"minecraft:birch_planks":36,"minecraft:stone_axe":2,"minecraft:cooked_mutton":7,"minecraft:air":0,"minecraft:stick":16,"minecraft:iron_ingot":3,"minecraft:stone_pickaxe":3,"minecraft:torch":8,"minecraft:shears":1},"minecraft:killed":{"minecraft:sheep":5,"minecraft:skeleton":1,"minecraft:zombie":1,"minecraft:cow":8},"minecraft:dropped":{"minecraft:stone_axe":1,"minecraft:kelp":51,"minecraft:crafting_table":1,"minecraft:feather":1,"minecraft:cobblestone":1,"minecraft:cooked_mutton":1,"minecraft:pumpkin_seeds":4,"minecraft:mossy_stone_bricks":3,"minecraft:stone_bricks":2,"minecraft:stone_pickaxe":3,"minecraft:white_wool":1},"minecraft:picked_up":{"minecraft:birch_log":9,"minecraft:fishing_rod":1,"minecraft:crafting_table":6,"minecraft:iron_chestplate":1,"minecraft:feather":2,"minecraft:andesite":4,"minecraft:leather":8,"minecraft:potato":1,"minecraft:oak_log":41,"minecraft:dirt":19,"minecraft:raw_copper":2,"minecraft:stone_bricks":2,"minecraft:kelp":51,"minecraft:wheat_seeds":34,"minecraft:beef":17,"minecraft:stone_pickaxe":2,"minecraft:mossy_stone_bricks":3,"minecraft:light_gray_wool":1,"minecraft:furnace":5,"minecraft:raw_iron":17,"minecraft:stick":4,"minecraft:pumpkin":1,"minecraft:sweet_berries":26,"minecraft:torch":3,"minecraft:gravel":1,"minecraft:white_bed":2,"minecraft:prismarine_crystals":3,"minecraft:pumpkin_seeds":7,"minecraft:stone_axe":1,"minecraft:hay_block":10,"minecraft:carved_pumpkin":1,"minecraft:oak_sapling":1,"minecraft:mutton":9,"minecraft:coal":129,"minecraft:white_wool":6,"minecraft:cobblestone":144,"minecraft:nautilus_shell":1},"minecraft:custom":{"minecraft:interact_with_furnace":43,"minecraft:mob_kills":15,"minecraft:interact_with_crafting_table":18,"minecraft:leave_game":8,"minecraft:time_since_death":26436,"minecraft:sleep_in_bed":1,"minecraft:climb_one_cm":2299,"minecraft:time_since_rest":11281,"minecraft:sprint_one_cm":150363,"minecraft:damage_taken":646,"minecraft:walk_one_cm":164455,"minecraft:drop":14,"minecraft:damage_dealt":1585,"minecraft:swim_one_cm":2538,"minecraft:talked_to_villager":1,"minecraft:fly_one_cm":110500,"minecraft:open_chest":5,"minecraft:play_time":69490,"minecraft:crouch_one_cm":9869,"minecraft:deaths":1,"minecraft:sneak_time":4344,"minecraft:walk_under_water_one_cm":4071,"minecraft:boat_one_cm":115210,"minecraft:jump":694,"minecraft:walk_on_water_one_cm":7608,"minecraft:total_world_time":69490,"minecraft:fall_one_cm":20066}},"DataVersion":3465}