{"stats":{"minecraft:used":{"minecraft:cooked_mutton":1,"minecraft:stone_pickaxe":231,"minecraft:wooden_pickaxe":68,"minecraft:birch_boat":1,"minecraft:crafting_table":6,"minecraft:shears":1,"minecraft:map":1,"minecraft:stone_axe":77,"minecraft:wooden_sword":4,"minecraft:cobblestone":4,"minecraft:furnace":5,"minecraft:cooked_beef":5,"minecraft:pumpkin":1},"minecraft:dropped":{"minecraft:gravel":1,"minecraft:stone_axe":1,"minecraft:kelp":51,"minecraft:crafting_table":1,"minecraft:feather":1,"minecraft:cobblestone":1,"minecraft:cooked_mutton":1,"minecraft:pumpkin_seeds":4,"minecraft:dirt":1,"minecraft:andesite":1,"minecraft:mossy_stone_bricks":3,"minecraft:map":3,"minecraft:stone_bricks":2,"minecraft:stone_pickaxe":3,"minecraft:white_wool":2},"minecraft:broken":{"minecraft:stone_pickaxe":1,"minecraft:wooden_pickaxe":1},"minecraft:custom":{"minecraft:interact_with_furnace":43,"minecraft:mob_kills":15,"minecraft:interact_with_crafting_table":19,"minecraft:leave_game":21,"minecraft:time_since_death":3951,"minecraft:sleep_in_bed":1,"minecraft:climb_one_cm":2299,"minecraft:time_since_rest":4021,"minecraft:sprint_one_cm":173882,"minecraft:damage_taken":656,"minecraft:walk_one_cm":205553,"minecraft:drop":21,"minecraft:damage_dealt":1585,"minecraft:swim_one_cm":2538,"minecraft:talked_to_villager":1,"minecraft:fly_one_cm":116200,"minecraft:open_chest":5,"minecraft:play_time":85559,"minecraft:crouch_one_cm":10057,"minecraft:deaths":4,"minecraft:sneak_time":4419,"minecraft:walk_under_water_one_cm":4071,"minecraft:boat_one_cm":115210,"minecraft:jump":777,"minecraft:walk_on_water_one_cm":7608,"minecraft:total_world_time":85559,"minecraft:fall_one_cm":20335},"minecraft:killed_by":{"minecraft:skeleton":1},"minecraft:picked_up":{"minecraft:birch_log":9,"minecraft:crafting_table":10,"minecraft:iron_chestplate":6,"minecraft:feather":6,"minecraft:cooked_beef":4,"minecraft:andesite":6,"minecraft:leather":14,"minecraft:wooden_pickaxe":4,"minecraft:potato":19,"minecraft:filled_map":4,"minecraft:oak_log":129,"minecraft:map":8,"minecraft:dirt":30,"minecraft:paper":2,"minecraft:raw_copper":2,"minecraft:leather_boots":3,"minecraft:stone_bricks":2,"minecraft:kelp":51,"minecraft:wheat_seeds":133,"minecraft:iron_ingot":3,"minecraft:beef":17,"minecraft:stone_pickaxe":5,"minecraft:mossy_stone_bricks":3,"minecraft:light_gray_wool":1,"minecraft:oak_planks":63,"minecraft:furnace":9,"minecraft:stick":20,"minecraft:raw_iron":17,"minecraft:pumpkin":1,"minecraft:sweet_berries":154,"minecraft:torch":3,"minecraft:gravel":5,"minecraft:spruce_sapling":3,"minecraft:white_bed":6,"minecraft:prismarine_crystals":12,"minecraft:leather_helmet":1,"minecraft:pumpkin_seeds":16,"minecraft:stone_axe":5,"minecraft:shears":4,"minecraft:hay_block":10,"minecraft:iron_helmet":2,"minecraft:carved_pumpkin":4,"minecraft:saddle":3,"minecraft:bread":16,"minecraft:emerald":12,"minecraft:oak_sapling":5,"minecraft:mutton":9,"minecraft:coal":221,"minecraft:cobblestone":284,"minecraft:white_wool":10,"minecraft:nautilus_shell":5,"minecraft:fishing_rod":4},"minecraft:crafted":{"minecraft:cooked_beef":17,"minecraft:wooden_sword":1,"minecraft:oak_planks":32,"minecraft:crafting_table":3,"minecraft:birch_boat":1,"minecraft:wooden_pickaxe":2,"minecraft:furnace":3,"minecraft:birch_planks":36,"minecraft:stone_axe":2,"minecraft:cooked_mutton":7,"minecraft:air":0,"minecraft:stick":16,"minecraft:iron_ingot":3,"minecraft:stone_pickaxe":3,"minecraft:torch":8,"minecraft:shears":1},"minecraft:killed":{"minecraft:sheep":5,"minecraft:skeleton":1,"minecraft:zombie":1,"minecraft:cow":8},"minecraft:mined":{"minecraft:white_bed":2,"minecraft:jungle_leaves":1,"minecraft:carved_pumpkin":1,"minecraft:crafting_table":6,"minecraft:torch":1,"minecraft:grass_block":10,"minecraft:copper_ore":1,"minecraft:spruce_leaves":3,"minecraft:wall_torch":2,"minecraft:hay_block":10,"minecraft:furnace":5,"minecraft:birch_log":9,"minecraft:iron_ore":17,"minecraft:wheat":17,"minecraft:sweet_berry_bush":16,"minecraft:andesite":4,"minecraft:pumpkin_stem":2,"minecraft:pumpkin":1,"minecraft:grass":4,"minecraft:potatoes":1,"minecraft:coal_ore":81,"minecraft:oak_log":41,"minecraft:dirt_path":1,"minecraft:vine":1,"minecraft:gravel":2,"minecraft:dirt":16,"minecraft:stone":146,"minecraft:stone_bricks":2,"minecraft:mossy_stone_bricks":3,"minecraft:oak_leaves":8,"minecraft:fern":1}},"DataVersion":3465}