{"stats":{"minecraft:broken":{"minecraft:wooden_axe":1},"minecraft:crafted":{"minecraft:oak_planks":28,"minecraft:wooden_shovel":1,"minecraft:crafting_table":3,"minecraft:spruce_planks":28,"minecraft:wooden_pickaxe":2,"thekatanasmod:wooden_blade":1,"minecraft:baked_potato":2,"minecraft:air":0,"thekatanasmod:wooden_katana":1,"minecraft:stick":12,"minecraft:stone_pickaxe":1,"minecraft:wooden_axe":2},"minecraft:dropped":{"minecraft:iron_ingot":1,"minecraft:oak_log":10,"minecraft:iron_boots":1,"minecraft:coal":4,"thekatanasmod:wooden_katana":1,"minecraft:wooden_axe":1,"minecraft:oak_sapling":6,"minecraft:spruce_sapling":6},"minecraft:killed":{"minecraft:pig":6,"promenade:duck":1,"minecraft:spider":1,"minecraft:sheep":6,"minecraft:zombie":3,"minecraft:chicken":1,"minecraft:stray":1,"minecraft:cow":1},"minecraft:picked_up":{"minecraft:wooden_axe":6,"minecraft:crafting_table":5,"minecraft:wooden_pickaxe":2,"minecraft:potato":14,"minecraft:oak_log":47,"minecraft:dirt":21,"minecraft:iron_ingot":3,"minecraft:wooden_shovel":1,"minecraft:oak_planks":15,"minecraft:stick":11,"minecraft:raw_iron":3,"minecraft:spruce_sapling":12,"minecraft:spruce_log":7,"minecraft:beetroot_seeds":2,"minecraft:bread":2,"minecraft:baked_potato":3,"minecraft:oak_sapling":24,"minecraft:obsidian":6,"minecraft:coal":12,"minecraft:snowball":33,"minecraft:cobblestone":23},"minecraft:mined":{"minecraft:crafting_table":4,"minecraft:grass_block":3,"minecraft:iron_ore":3,"minecraft:snow":6,"minecraft:blue_ice":1,"treechop:chopped_log":4,"minecraft:grass":14,"minecraft:dirt":4,"minecraft:packed_ice":1,"minecraft:stone":13},"minecraft:custom":{"minecraft:interact_with_furnace":3,"minecraft:mob_kills":20,"minecraft:interact_with_crafting_table":9,"minecraft:leave_game":8,"minecraft:time_since_death":6958,"minecraft:sleep_in_bed":3,"minecraft:climb_one_cm":929,"minecraft:time_since_rest":6989,"minecraft:sprint_one_cm":65004,"minecraft:damage_taken":1680,"minecraft:walk_one_cm":488390,"minecraft:drop":8,"minecraft:damage_dealt":2831,"minecraft:swim_one_cm":2044,"minecraft:damage_dealt_absorbed":80,"minecraft:talked_to_villager":1,"minecraft:fly_one_cm":49530,"minecraft:open_chest":9,"minecraft:crouch_one_cm":348,"minecraft:play_time":67991,"minecraft:deaths":6,"minecraft:sneak_time":83,"minecraft:walk_under_water_one_cm":1607,"minecraft:jump":544,"minecraft:walk_on_water_one_cm":2053,"minecraft:total_world_time":67991,"minecraft:interact_with_smoker":1,"minecraft:fall_one_cm":6706},"minecraft:used":{"thekatanasmod:wooden_katana":35,"minecraft:stone_pickaxe":3,"minecraft:baked_potato":5,"minecraft:wooden_pickaxe":15,"minecraft:wooden_shovel":6,"minecraft:iron_chestplate":1,"minecraft:crafting_table":6,"minecraft:snowball":33,"minecraft:wooden_axe":50,"minecraft:bread":2,"minecraft:iron_boots":1,"minecraft:potato":1},"minecraft:killed_by":{"minecraft:player":4,"minecraft:stray":1,"minecraft:spider":1}},"DataVersion":3465}