{"stats":{"minecraft:crafted":{"thekatanasmod:wooden_katana":1,"minecraft:oak_planks":28,"minecraft:wooden_shovel":1,"minecraft:crafting_table":2,"minecraft:stick":8,"thekatanasmod:wooden_blade":1,"minecraft:wooden_pickaxe":1,"minecraft:wooden_axe":2},"minecraft:dropped":{"thekatanasmod:wooden_katana":1,"minecraft:wooden_axe":1,"minecraft:iron_boots":1},"minecraft:killed":{"minecraft:sheep":6,"minecraft:zombie":1,"minecraft:pig":6,"minecraft:chicken":1,"promenade:duck":1,"minecraft:stray":1,"minecraft:spider":1,"minecraft:cow":1},"minecraft:picked_up":{"minecraft:wooden_axe":5,"minecraft:stick":8,"minecraft:crafting_table":4,"minecraft:wooden_pickaxe":2,"minecraft:potato":14,"minecraft:oak_log":47,"minecraft:spruce_sapling":8,"minecraft:dirt":21,"minecraft:beetroot_seeds":2,"minecraft:iron_ingot":3,"minecraft:wooden_shovel":1,"minecraft:bread":2,"minecraft:oak_sapling":24,"minecraft:obsidian":6,"minecraft:oak_planks":15,"minecraft:coal":12,"minecraft:snowball":33,"minecraft:cobblestone":20},"minecraft:mined":{"minecraft:snow":6,"minecraft:blue_ice":1,"treechop:chopped_log":3,"minecraft:crafting_table":3,"minecraft:grass":14,"minecraft:grass_block":3,"minecraft:dirt":4,"minecraft:stone":10},"minecraft:custom":{"minecraft:time_since_rest":908,"minecraft:sprint_one_cm":53794,"minecraft:damage_taken":880,"minecraft:walk_one_cm":360065,"minecraft:mob_kills":18,"minecraft:drop":3,"minecraft:damage_dealt":2312,"minecraft:talked_to_villager":1,"minecraft:damage_dealt_absorbed":80,"minecraft:interact_with_crafting_table":7,"minecraft:fly_one_cm":37577,"minecraft:open_chest":3,"minecraft:crouch_one_cm":348,"minecraft:play_time":55991,"minecraft:deaths":4,"minecraft:sneak_time":80,"minecraft:walk_under_water_one_cm":256,"minecraft:jump":439,"minecraft:leave_game":8,"minecraft:time_since_death":873,"minecraft:walk_on_water_one_cm":687,"minecraft:sleep_in_bed":3,"minecraft:interact_with_smoker":1,"minecraft:total_world_time":55991,"minecraft:fall_one_cm":4054},"minecraft:used":{"minecraft:wooden_axe":35,"thekatanasmod:wooden_katana":35,"minecraft:bread":2,"minecraft:wooden_pickaxe":12,"minecraft:wooden_shovel":6,"minecraft:iron_boots":1,"minecraft:iron_chestplate":1,"minecraft:crafting_table":5,"minecraft:potato":1,"minecraft:snowball":33},"minecraft:killed_by":{"minecraft:player":2,"minecraft:stray":1,"minecraft:spider":1}},"DataVersion":3465}