{"stats":{"minecraft:broken":{"minecraft:wooden_axe":1},"minecraft:crafted":{"thekatanasmod:stone_katana":1,"minecraft:oak_planks":28,"minecraft:wooden_shovel":1,"minecraft:cooked_porkchop":2,"minecraft:crafting_table":3,"minecraft:spruce_planks":28,"minecraft:wooden_pickaxe":2,"thekatanasmod:wooden_blade":1,"minecraft:baked_potato":2,"minecraft:air":0,"thekatanasmod:wooden_katana":1,"thekatanasmod:stone_blade":1,"minecraft:stick":12,"minecraft:stone_pickaxe":1,"minecraft:wooden_axe":2},"minecraft:dropped":{"minecraft:iron_ingot":1,"minecraft:oak_log":10,"minecraft:cooked_porkchop":1,"minecraft:iron_boots":1,"minecraft:coal":4,"thekatanasmod:wooden_katana":1,"minecraft:wooden_axe":1,"minecraft:oak_sapling":6,"minecraft:spruce_sapling":6},"minecraft:killed":{"minecraft:pig":6,"promenade:duck":1,"minecraft:spider":2,"minecraft:skeleton":1,"minecraft:sheep":6,"minecraft:zombie":6,"minecraft:chicken":1,"minecraft:stray":1,"minecraft:cow":1},"minecraft:picked_up":{"minecraft:wooden_axe":7,"minecraft:cocoa_beans":6,"minecraft:crafting_table":5,"minecraft:chicken":4,"thekatanasmod:stone_katana":1,"minecraft:wooden_pickaxe":3,"minecraft:potato":14,"minecraft:potion":1,"minecraft:oak_log":47,"minecraft:dirt":21,"minecraft:lantern":2,"minecraft:beetroot":2,"minecraft:stone_bricks":2,"minecraft:gold_nugget":4,"minecraft:raw_gold":1,"minecraft:bucket":1,"minecraft:iron_ingot":3,"minecraft:stone_pickaxe":1,"minecraft:iron_nugget":2,"minecraft:wooden_shovel":1,"minecraft:oak_planks":15,"minecraft:stick":11,"minecraft:raw_iron":3,"minecraft:emerald_block":1,"minecraft:pumpkin":3,"minecraft:sweet_berries":2,"minecraft:porkchop":1,"minecraft:spruce_sapling":16,"minecraft:spruce_log":7,"minecraft:honey_bottle":2,"minecraft:sugar":1,"minecraft:beetroot_seeds":2,"minecraft:emerald":9,"minecraft:bread":28,"minecraft:baked_potato":3,"minecraft:oak_sapling":24,"minecraft:obsidian":6,"minecraft:coal":91,"minecraft:snowball":33,"minecraft:cobblestone":38},"minecraft:mined":{"minecraft:crafting_table":4,"minecraft:glow_lichen":1,"minecraft:grass_block":3,"minecraft:cobblestone":1,"minecraft:moss_block":1,"minecraft:iron_ore":3,"minecraft:snow":6,"minecraft:blue_ice":1,"treechop:chopped_log":4,"minecraft:grass":14,"minecraft:coal_ore":59,"minecraft:dirt":4,"minecraft:packed_ice":1,"minecraft:stone":27},"minecraft:custom":{"minecraft:interact_with_furnace":3,"minecraft:mob_kills":25,"minecraft:interact_with_crafting_table":12,"minecraft:leave_game":8,"minecraft:time_since_death":3978,"minecraft:sleep_in_bed":3,"minecraft:climb_one_cm":929,"minecraft:time_since_rest":4024,"minecraft:sprint_one_cm":78646,"minecraft:damage_taken":2210,"minecraft:walk_one_cm":583819,"minecraft:drop":9,"minecraft:damage_dealt":3631,"minecraft:swim_one_cm":2044,"minecraft:damage_dealt_absorbed":80,"minecraft:talked_to_villager":1,"minecraft:fly_one_cm":54940,"minecraft:open_chest":14,"minecraft:crouch_one_cm":10116,"minecraft:play_time":79991,"minecraft:deaths":7,"minecraft:sneak_time":1022,"minecraft:walk_under_water_one_cm":1868,"minecraft:jump":615,"minecraft:walk_on_water_one_cm":2902,"minecraft:total_world_time":79991,"minecraft:interact_with_smoker":6,"minecraft:fall_one_cm":6975},"minecraft:used":{"minecraft:beetroot":2,"thekatanasmod:wooden_katana":35,"minecraft:stone_pickaxe":79,"minecraft:baked_potato":5,"minecraft:wooden_pickaxe":15,"minecraft:wooden_shovel":6,"minecraft:iron_chestplate":1,"minecraft:crafting_table":7,"thekatanasmod:stone_katana":22,"minecraft:snowball":33,"minecraft:milk_bucket":1,"minecraft:wooden_axe":50,"minecraft:apple":4,"minecraft:bread":3,"minecraft:iron_boots":1,"minecraft:cooked_porkchop":1,"minecraft:potato":1},"minecraft:killed_by":{"minecraft:player":4,"minecraft:stray":1,"minecraft:spider":1,"minecraft:zombie":1}},"DataVersion":3465}