{"stats":{"minecraft:killed_by":{"minecraft:spider":1},"minecraft:crafted":{"thekatanasmod:wooden_katana":1,"minecraft:oak_planks":28,"minecraft:crafting_table":2,"minecraft:stick":4,"minecraft:wooden_pickaxe":1,"thekatanasmod:wooden_blade":1,"minecraft:wooden_axe":2},"minecraft:picked_up":{"minecraft:crafting_table":2,"minecraft:stick":4,"minecraft:oak_log":17,"minecraft:oak_sapling":6},"minecraft:mined":{"minecraft:grass":14,"treechop:chopped_log":3,"minecraft:crafting_table":2},"minecraft:dropped":{"thekatanasmod:wooden_katana":1},"minecraft:used":{"minecraft:wooden_axe":7,"thekatanasmod:wooden_katana":35,"minecraft:crafting_table":3},"minecraft:custom":{"minecraft:time_since_rest":24272,"minecraft:crouch_one_cm":230,"minecraft:play_time":37886,"minecraft:sprint_one_cm":28662,"minecraft:damage_taken":325,"minecraft:walk_one_cm":168149,"minecraft:deaths":1,"minecraft:sneak_time":67,"minecraft:walk_under_water_one_cm":256,"minecraft:mob_kills":11,"minecraft:drop":1,"minecraft:jump":141,"minecraft:damage_dealt":1142,"minecraft:leave_game":7,"minecraft:time_since_death":24243,"minecraft:walk_on_water_one_cm":687,"minecraft:total_world_time":37886,"minecraft:interact_with_crafting_table":6,"minecraft:fall_one_cm":1254,"minecraft:fly_one_cm":12167,"minecraft:open_chest":1},"minecraft:killed":{"minecraft:sheep":6,"minecraft:spider":1,"minecraft:zombie":1,"minecraft:pig":2,"minecraft:chicken":1}},"DataVersion":3465}