{"stats":{"minecraft:killed_by":{"minecraft:skeleton":1},"minecraft:custom":{"minecraft:jump":23,"minecraft:time_since_rest":5711,"minecraft:sprint_one_cm":810,"minecraft:damage_dealt":54,"minecraft:deaths":1,"minecraft:leave_game":2,"minecraft:play_time":12856,"minecraft:damage_taken":475,"minecraft:time_since_death":673,"minecraft:walk_one_cm":10079,"minecraft:total_world_time":12856,"minecraft:mob_kills":1,"minecraft:fall_one_cm":418,"minecraft:fly_one_cm":2695},"minecraft:picked_up":{"minecraft:bone":1,"minecraft:arrow":2},"minecraft:mined":{"minecraft:grass":2}},"DataVersion":3465}