{"stats":{"minecraft:used":{"minecraft:wolf_spawn_egg":2},"minecraft:custom":{"minecraft:jump":59,"minecraft:time_since_rest":5562,"minecraft:walk_on_water_one_cm":109,"minecraft:crouch_one_cm":217,"minecraft:leave_game":8,"minecraft:play_time":5562,"minecraft:sprint_one_cm":11145,"minecraft:damage_taken":40,"minecraft:time_since_death":5562,"minecraft:walk_one_cm":11885,"minecraft:sneak_time":56,"minecraft:total_world_time":5562,"minecraft:walk_under_water_one_cm":1190,"minecraft:fall_one_cm":1976,"minecraft:fly_one_cm":68227}},"DataVersion":3465}